review_id,reviewer_name,rating,review_date_raw,review_text,owner_response,likes,local_guide
Ci9DQUlRQUNvZENodHljRjlvT25GcVIzSklaR3hOU1dsMWVqWmFXVGcwYkhSUFFuYxAB,Toedi Weah,5.0,4 days ago,The gentleman that  helped me with my food he was very kind very patient and I really appreciate it. Overall the food is 100% good delicious,"Good afternoon, Mr./Ms. Toedi,
   Thank you so much for your wonderful feedback! We are delighted to hear that a staff made your visit welcoming and the food was delicious. We appreciate your support and look forward to seeing you again soon! 
Thank you.",0,True
Ci9DQUlRQUNvZENodHljRjlvT2w5MlJsTTJWbmMwU2xKaFVFcERiVlJZTWxnMkxYYxAB,Jen C,4.0,a week ago,"In my estimation, the best African Store so far. The approach of the people running the store is different from the usual African store mentality","Good evening Mr. Mek,
Thank you so much for patronizing and leaving us a review, we are sincerely grateful. We will do our best to uphold the best standards that ensures each visit makes you feel at home and experience Africa. How can we earn your 5 star review please?

Thank you.",0,True
Ci9DQUlRQUNvZENodHljRjlvT2kwelMxYzBOR3h4WDE4eE1rOVRZbWRQYVc5dGMyYxAB,Idehen Obasuyi,5.0,a week ago,,"Good morning Mr. Idehen,
Thank you so much for patronizing and leaving us a review, we are sincerely grateful. We will do our best to uphold the best standards that ensures each visit makes you feel at home and experience Africa.
Thank you.",0,True
Ci9DQUlRQUNvZENodHljRjlvT2paelFuTk5UbGR2VEV4amFYVklhMWhNV21aYU4xRRAB,Magnus Aghe,4.0,2 weeks ago,,"Good morning Mr. Magnus,
   Thank you so much for patronizing and leaving us a review, we are sincerely grateful. Please, how can we gain your 5-star review and ensure you enjoy excellent service during your visit to our locations?

Thank you.",0,True
Ci9DQUlRQUNvZENodHljRjlvT20xV2FqSlJhM280WkRCTFdWWnpVVnBKZWpacFIwRRAB,Ifeoma Nzeocha,5.0,3 weeks ago,,"Good morning Ms. Ifeoma,
Thank you so much for your support, patronage, and honest rewarding feedback. We will continue to Uphold and increase the standards set and ensure you have the best experience every time you visit.

Kind Regards.",0,True
Ci9DQUlRQUNvZENodHljRjlvT21odVpIZE1TVWxFVWpkR1FURlBiWGgxUVZoVFgxRRAB,Temi Oni,5.0,a month ago,Wazobia is one of the best African stores in Houston for sure. Great and friendly staffs and clean environment,"Good afternoon Mr./Ms. Temi,
   Thank you so much for the wonderful 5-star review! We're thrilled to see that you had such a great experience at Wazobia. Your kind review means a lot to us, and we're so happy you enjoyed your time here. We can’t wait to welcome you back again soon.
Thank you.",0,False
Ci9DQUlRQUNvZENodHljRjlvT21oSVNDMXZUMFZVWVRWbE5sVmllREpyVEVSRk5FRRAB,Elizabeth,5.0,a month ago,,"Good morning Ms. Elizabeth,
Thank you so much for the wonderful 5-star review! We're thrilled to see that you had such a great experience at Wazobia.
Thank you.",0,False
Ci9DQUlRQUNvZENodHljRjlvT25SR1Mwa3RTWEkxVTFkaVJ6ZHBkRFpZU0U0NWVtYxAB,ObalaaFin ADETOKUNBOH OLU ROSENJE [Aanunimorigba],3.0,a month ago,,"Good afternoon Sir, 
   Thank you for your review and support. We’re happy you had a good experience and will keep striving to make your next visit a 5-star one.
",0,False
Ci9DQUlRQUNvZENodHljRjlvT25aUWQyTlZhbVZDU0RkQloyMDFjV2x2VjJGeFZIYxAB,Doctor Elisha,5.0,a month ago,,"Good morning Sir/Madam,
Thank you so much for the wonderful 5-star review! We're thrilled to see that you had such a great experience at Wazobia.
Thank you.",0,False
Ci9DQUlRQUNvZENodHljRjlvT25vMlJYaHNNemxaZUVNMFlVTTNORlppYkVGYU1rRRAB,Mr. Nice guy,5.0,a month ago,Good food and nice staff,"Good evening sir,
Thank you so much for the wonderful 5-star review! We're thrilled to see that you had such a great experience at Wazobia. Your kind review means a lot to us, and we're so happy you enjoyed your time here. We can’t wait to welcome you back again soon.
Thank you.",0,False
Ci9DQUlRQUNvZENodHljRjlvT2taRFQxWnlZMVl4ZEUxMk55MVpiSEJEUWw5dlNYYxAB,Amina the explorer,5.0,a month ago,"The perfect store to get all kind of Africa. Groceries, especially Nigerian food. The best part is their beef is Halal. Very affordable groceries","Good morning Ms. Amina, 
    Thank you so much for your wonderful review! We're happy to hear you found everything you were looking for.
   We work hard to keep our shelves stocked with quality African groceries at affordable prices, and we're especially glad you appreciate our halal beef selection. Your support means a lot to us.
  We look forward to welcoming you back again soon. Thank you for shopping with Wazobia!
  Thank you.",0,False
Ci9DQUlRQUNvZENodHljRjlvT25wNlRYSjZSMTlhVHpWeGFVdDRiVlZrWVVWRFZYYxAB,Philip Allen Yarida,5.0,a month ago,,"Good morning Mr. Philip,
Thank you so much for the wonderful 5-star review! We're thrilled to see that you had such a great experience at Wazobia. Your kind review means a lot to us, and we're so happy you enjoyed your time here. We can’t wait to welcome you back again soon.
Thank you.",0,False
Ci9DQUlRQUNvZENodHljRjlvT21kM05HMXlNV1kwWWxkRVlqQk1OSGx3VmxoaU5uYxAB,Olayinka Famuwagun,5.0,a month ago,,"Good morning Mr. Olayinka,
Thank you so much for the wonderful 5-star review! We're thrilled to see that you had such a great experience at Wazobia. Your kind review means a lot to us, and we're so happy you enjoyed your time here. We can’t wait to welcome you back again soon.
Thank you.",0,False
Ci9DQUlRQUNvZENodHljRjlvT25WUWRYUjJabE53Y3pkTGRIZHRXVE5xUW5WeFRrRRAB,Chinonye Samuel-Anonye,5.0,a month ago,Quality,"Good morning Ms. Chinonye,
  Thank you so much for the wonderful 5-star review! We're thrilled to see that you had such a great experience at Wazobia. Your kind review means a lot to us, and we're so happy you enjoyed your time here. We can’t wait to welcome you back again soon.
Thank you.",0,False
Ci9DQUlRQUNvZENodHljRjlvT21VNVlrdDRkQzFaWjNkQlUwdEpUelpOTjFoWWIzYxAB,OLUWASEGUN TAIWO,4.0,Edited a month ago,Easy accessibility,"Good evening Mr. OluwaSegun,
Thank you so much for patronizing and leaving us a review, we are sincerely grateful. Please, how can we gain your 5-star review and ensure you enjoy excellent service during your visit to our locations?

Thank you.",0,False
Ci9DQUlRQUNvZENodHljRjlvT2xoVVNVNHhORUUwYTBOSU5IVXRSVTFQYkZKTlZrRRAB,E Stallworth,5.0,2 months ago,,"Good morning,
Thank you so much for the wonderful 5-star review! We're thrilled to see that you had such a great experience at Wazobia.
Thank you.",0,False
Ci9DQUlRQUNvZENodHljRjlvT2pkSmVtVXllbE5qVjFaSE5rUmtPVFJGTlVKdGRsRRAB,tim Emma,1.0,2 months ago,Overpriced and very expensive,"Good afternoon Mr. Tim, 
   Thank you for sharing your feedback. At Wazobia, we remain committed to offering quality products at the best possible prices. We have maintained our previous prices on many major products and fresh produce, while keeping increases on other items as minimal as possible because our customers are at the heart of what we do.

We appreciate your business and continued support. We are also open to discussing your concerns further, and you are welcome to contact us by email.
  Thank you.",0,False
Ci9DQUlRQUNvZENodHljRjlvT2s5bGRWQk9SV0l3U2pVd2VrTk5UVkZGT1hOd2RVRRAB,AMERICAN BEST ASSISTED LIVING,5.0,2 months ago,,"Good morning,
Thank you so much for the wonderful 5-star review! We're thrilled to see that you had such a great experience at Wazobia.
Thank you.",0,False
Ci9DQUlRQUNvZENodHljRjlvT2pGTlJ6VmFWRk13WmxWTFZXNXRaV2h5TFhBek0zYxAB,Iykesamuel,4.0,2 months ago,,"Good morning,
Thank you so much for the awesome 4-star review! Thank you for supporting our business and let us know how we can earn your 5-star review. We can’t wait to welcome you back again soon.
Thank you.",0,False
Ci9DQUlRQUNvZENodHljRjlvT21oR2FtUnNUamhSVEcxMGVUQkljRVJ5YW10ZldrRRAB,Damon Holland,5.0,2 months ago,Absolutely one of the best African markets in the area. It is always busy and the service is always impeccable!,"Good afternoon Mr. Damon,
   Thank you so much for the wonderful 5-star review! We're thrilled to see that you had such a great experience at Wazobia and secondly, thank you for highlighting our awesome qualities. We can’t wait to welcome you back again soon.
Thank you.",0,False
Ci9DQUlRQUNvZENodHljRjlvT2t0SFpYaDFRblpaWVhsMGQwcENWM0ZZYW1kTUxVRRAB,Adadioramma Egbuna,4.0,2 months ago,"I will always cheer Wazobia on for a lot of things, especially when it comes to customer service, cleanliness and product availability. There is a BUT….. of recent, I am not sure what’s been happening with the cashiers. Some of them look so disgruntled or upset. No greeting, no smile, no engagement with their customers until they get to the required membership question. I understand that standing on your feet all day attending to people can be a lot but I drive past other African stores to Wazobia for the customer service experience. Pls bring that back!","    Good evening Ms. Adadioramma,
    Thank you for your continued support and for sharing this honest feedback. We're grateful that you choose Wazobia for the customer service experience.
     We're sorry your recent visits haven't reflected the warm, friendly service we strive to provide. Your comments have been shared with our management team, and we'll be addressing this with our cashiers.
     We truly appreciate your feedback and look forward to providing the experience you've come to expect from Wazobia.
  Thank you.",0,False
Ci9DQUlRQUNvZENodHljRjlvT25CNllVbG9URGROTjE4M1FVaFJkRFU1VEY5ek5VRRAB,Divine Onyeagoro,5.0,2 months ago,A lot of items were a bit expensive,"Good afternoon Divine, 
Thank you so much for your support, patronage, and rewarding feedback.; we are truly grateful. We will continue to work on the pricing. 

Thank you.",0,False
Ci9DQUlRQUNvZENodHljRjlvT2poaVZVNUJOa2QwYVZaU1dHeDNOR0ZUWmpsbGRIYxAB,Harry Davies,5.0,2 months ago,,"Good morning Mr. Harry,
Thank you so much for your positive review and feedback, we are truly grateful for feedback and look forward to serving you again and again.
",0,False
Ci9DQUlRQUNvZENodHljRjlvT2pOUk5IcHJiWFp6UkhKNWR6UTJSalYxYUZobFluYxAB,Olayinka Asake,1.0,2 months ago,"I was at the Westheimer store to get some groceries, got the 100lb bag of rice and some other stuff. At checkout, I asked the cashier who rang me up if I could get assistance with the bag, he kept looking at the manager of the day (a tall, dark, bald head and bearded guy) for a response, but i got none. I asked the cashier (Funsho) three times, but got no response.  I was so livid and left the store angrily, I kept struggling with the bag of rice and the store manager stood in the store staring right back at me without moving a muscle, eventually,  I got the rice down from the cart, dragged it into the passenger side and got a wrist dislocation.  Secondly, please have those guys at the meat section adopt speed and efficiency. It takes them forever to attend to customers.","Good afternoon Mr./Ms. Olayinka,
   Thank you for taking the time to share your experience with us. We sincerely apologize for the level of service you received during your recent visit to our Westheimer store.
     We are especially sorry to hear that your request for assistance with loading your 100 lb bag of rice was not acknowledged. That is not the standard of customer service we strive to provide. We are also very concerned to learn that you suffered a wrist dislocation while attempting to load the bag yourself. We hope you are recovering well.
     Please know that we are looking into this matter with the store management team so we can better understand what happened and ensure our staff are reminded of the importance of promptly assisting customers who need help. Please, contact us at wazobiamarket@gmail.com for further conversations and resolutions.
    We also appreciate your feedback regarding the wait time at our meat department. We will share your comments with the team and work on improving both the speed and efficiency of service in that area.
   Thank you again for bringing these concerns to our attention. Feedback like yours helps us improve. We truly value your patronage and hope to provide you with a much better experience on your next visit.",0,False
Ci9DQUlRQUNvZENodHljRjlvT21wdk9GUm9OV1E1ZGpCMVpqRnJkazVPTW01b2FtYxAB,Waiting Woman,4.0,2 months ago,"I am giving this store 4 stars because, over the years, I have had many positive experiences here. The employees have generally been kind, helpful, and professional, and I have spent a significant amount of money at this location throughout the years.  However, I am withholding the fifth star because of what happened today.  I accidentally left my debit card at home and only had my EBT card with me. I also had reward points available that I intended to use toward prepared food while using my EBT card for my groceries. I explained this to the cashier, but I was told the transaction could not be separated that way.  Because I did not have my card with me, I agreed to let the points be applied to the total purchase and then use my EBT card for the remaining eligible items. After my points were used, I was informed that I still had a balance of about $14 that had to be paid out of pocket.  What made this especially frustrating was my situation. I had my two little daughters with me, I was running errands all day, and I simply wanted to grab some prepared food so they could eat while we were out. I genuinely did not have extra money available at that moment. My reward points were supposed to be what got me through the transaction.  What was even more disappointing was being told that the transaction could not be voided because EBT had already been used and that the funds could not be returned. That was surprising to me because in the past, at other stores, when an EBT transaction needed to be canceled, the funds were returned to my card. Whether that is a system limitation or not, it created a very difficult situation for me today.  To be clear, this is not a complaint about the manager or the employees. Everyone was polite, and I do not believe anyone was intentionally unhelpful. It seemed more like a system issue that nobody knew how to work around.  Still, as a customer who has spent thousands of dollars at this store over the years, today’s experience was genuinely painful and frustrating. Sitting there with my two children, trying to figure out how to feed them and finish my errands, only to be stuck with a balance I couldn’t comfortably pay, was not a good feeling.  Because of the many years of positive experiences I’ve had here, I am still giving 4 stars. But if I’m being honest, today’s experience left such a bad impression that I don’t see myself returning anytime soon, if ever. I may just take my business elsewhere in the future.  I hope this feedback helps improve the experience for customers who may find themselves in a similar situation.","Good evening, Ma, 
   Thank you for your feedback and for being a loyal customer over the years. We sincerely apologize for the frustration you experienced during your recent visit.
    We appreciate your kind words about our team and are glad our staff treated you with courtesy and professionalism. While certain EBT and payment processing limitations are system controlled, we understand how difficult and disappointing the situation was, especially while caring for your two daughters.
     Your feedback has been shared with management and will help us review our procedures to better assist customers in similar situations. To better support and ensure we investigate this better, please email us at wazobiamarket@gmail.com. 
    Thank you again for your years of support. We truly value your business and hope to have the opportunity to serve you again.",0,False
Ci9DQUlRQUNvZENodHljRjlvT2xaSFZVSmFZMGxTUTNSMFp6YzJVSFZmU0hCMFRHYxAB,betty dami,5.0,3 months ago,Nice and affordable store. I don't know why you guys will claim to have online shopping with the option of pick up and delivery if you won't have time slots available.,"Good evening Mr./Ms. Betty,
Thank you so much for the wonderful 5-star review! We're thrilled to see that you had such a great experience at Wazobia. We can’t wait to welcome you back again soon.
Thank you.",0,False
Ci9DQUlRQUNvZENodHljRjlvT2pkdlYxVnZhWHBWWHpOUWVFYzRWa000VlVwek5VRRAB,IMAGINATION POWER,5.0,3 months ago,Nice place for african food stuffs..,"Good evening,
Thank you so much for the wonderful 5-star review! We're thrilled to see that you had such a great experience at Wazobia. We can’t wait to welcome you back again soon.
Thank you.",0,False
Ci9DQUlRQUNvZENodHljRjlvT2pGbFQwVkdlRmxKTnpZMlJ6aEpWRWxGTlRWcWEwRRAB,precious,5.0,3 months ago,,"Good afternoon Ms. Precious,
    Thank you so much for the wonderful 5-star review! We're thrilled to see that you had such a great experience at Wazobia. We can’t wait to welcome you back again soon.
Thank you.",0,False
Ci9DQUlRQUNvZENodHljRjlvT2tsMFJsODVSamhvUjBaS1NVZHVabTFaU1VWclRtYxAB,Nureni Salami,5.0,3 months ago,I 💕 the Way them,"Good afternoon Mr./Ms. Nureni,
    Thank you so much for the wonderful 5-star review! We're thrilled to see that you had such a great experience at Wazobia. We can’t wait to welcome you back again soon.
Thank you.",0,False
Ci9DQUlRQUNvZENodHljRjlvT2w5dVNHRmFjVXAzZVhwbmVERnpZVjlvVVd4dVJFRRAB,O. O. O,5.0,3 months ago,,"Good afternoon,
Thank you so much for the wonderful 5-star review! We're thrilled to see that you had such a great experience at Wazobia. We can’t wait to welcome you back again soon.
Thank you.",0,False
Ci9DQUlRQUNvZENodHljRjlvT25WelltUlliMnRhZUZJd2NYaFJVbkYwTm5wNWFYYxAB,Liz Beth,5.0,3 months ago,My to go place for food stuff. Organized and clean. I have been going there for almost a decade now.,"Good afternoon Ms. Liz,
Thank you so much for the wonderful 5-star review! We're thrilled to see that you had such a great experience at Wazobia and secondly, thank you for highlighting our qualities. We can’t wait to welcome you back again soon.
Thank you.",0,False
Ci9DQUlRQUNvZENodHljRjlvT25vdFIyczJaakZIU1RoWWVqQklNMVI1YkRseVFWRRAB,KELLY T,5.0,4 months ago,,"Good afternoon Mr./Ms. Kelly,
      Thank you so much for the wonderful 5-star review! We're thrilled to see that you had such a great experience at Wazobia. We can’t wait to welcome you back again soon.
Thank you.",0,False
Ci9DQUlRQUNvZENodHljRjlvT2tRd1NXRkVkVm8yY2t4T1NsQk5RM0k1VUV4Nk9HYxAB,Mulaton Cubano,5.0,4 months ago,,"Good evening Mr./Ms. Mulaton,
Thank you so much for your support, patronage, and rewarding feedback. We will continue to Uphold and increase the standards set and ensure you have the best experience every time you visit.

Thank you.",0,False
Ci9DQUlRQUNvZENodHljRjlvT2tGMldWWnBPVTVYTlZoU0xUVjZjbTl2UVc5Q1JIYxAB,djenabou diallo,5.0,4 months ago,,"Good evening Mr./Ms. Djenabou,
Thank you so much for your support, patronage, and honest rewarding feedback. We will continue to Uphold and increase the standards set and ensure you have the best experience every time you visit.

Kind Regards.",0,False
Ci9DQUlRQUNvZENodHljRjlvT2xCWFNFZGpZMUJtWVRSRVNWTkZZMjlYZWpjd09GRRAB,Elias Edoki,5.0,4 months ago,"I'm mostly proud, about Nigerians/Africans owning such an investment and filling out the gap for scarcity of Nigeria/African food and snacks. Hoping to some day being a major supply of snacks (Plantain Chips, Chin chin, etc) from our high to end factory for the hygienic production, processing, packaging for marketing. Our snacks are of premium quality that gives value for your money.  Contact us now.","Good morning Mr. Elias, 
   Thank you so much for your positive review and feedback, we are truly grateful for your kind words and look forward to a potential business partnership when the opportunity arise. 

Thank you.",0,False
ChZDSUhNMG9nS0VJQ0FnSUM4LW9uWEN3EAE,Faith Fellner,5.0,Edited 4 months ago,,"We appreciate your feedback and patronage, thank you.",0,False
Ci9DQUlRQUNvZENodHljRjlvT2tGNE9VNDFWbEZSV2pFNGJFTmlaa3REYkU4dE5FRRAB,Onyinye Ezeigwe,5.0,4 months ago,I love the experience,"Good morning Ms. Onyinye,
    Thank you so much for your support, patronage, and honest rewarding feedback. We will continue to Uphold and increase the standards set and ensure you have the best experience every time you visit.

Kind Regards.",0,False
Ci9DQUlRQUNvZENodHljRjlvT21kM2VtUTROR1F4VUdGQlFtcEpSRVJrVTNCeVpsRRAB,Sweetness,5.0,5 months ago,,"Good evening,
Thank you so much for the wonderful 5-star review! We're thrilled to see that you had such a great experience at Wazobia. We can’t wait to welcome you back again soon.
Thank you.",0,False
Ci9DQUlRQUNvZENodHljRjlvT21wQmRHOXZkemx4Y1ZRME1rSjRNbEpWWTJkZk0xRRAB,Lauretta E.,5.0,5 months ago,"Very neat store, great selection of meats and produce. The staff was also helpful in answering questions about finding certain produce. I’m impressed with the changes made.","Good evening Ms. Lauretta,
     Thank you so much for the wonderful 5-star review! We're thrilled to see that you had such a great experience at Wazobia. We can’t wait to welcome you back again soon.
Thank you.",0,False
Ci9DQUlRQUNvZENodHljRjlvT21SelNURmZha1JTWmw5NGJXeFVVREJuYzJ4RllVRRAB,Jide Jeje,5.0,5 months ago,,"Good evening Mr. Jide,
    Thank you so much for the wonderful 5-star review! We're thrilled to see that you had such a great experience at Wazobia. We can’t wait to welcome you back again soon.
Thank you.",0,False
Ci9DQUlRQUNvZENodHljRjlvT2tGa1QyUkNUa0UwWXpKbWFEWXlabUZYVFZwME5tYxAB,Funmi Praise Isichei,5.0,5 months ago,Great Ukwobi! Just like home❤️❤️❤️,"Good evening Ms. Funmi,
     Thank you so much for the wonderful 5-star review! We're thrilled to see that you had such a great experience with Wazobia Tasty Nkowbi. We can’t wait to welcome you back again and have you try out all our other meals. 

  Your feedback meals the world to our business.

Thank you.",0,False
Ci9DQUlRQUNvZENodHljRjlvT21SdmFYbDJVVmhxYVdkbk9DMWtla1JDTTNSRFRuYxAB,Esther Odjewuyi,3.0,5 months ago,All the total items I bought is $ 75:33 But I paid $92:43 with tax Can you explain it to me Because I didn't know until i check the receipt,"Good evening Ms. Esther, 
     Thank you shopping with Wazobia, we are truly grateful. We would love to review your receipt with you. Can you contact us via wazobiamarket@gmail.com or contact any of our outlet to speak with a manger? We will gladly review the invoice with you. 
   Two of our core values is integrity and customer service, we would never cheat our customers.

Thank you.",0,False
Ci9DQUlRQUNvZENodHljRjlvT2toallrcFdOV3RMWjFJeGMxQnJNbEoxV0doVWEyYxAB,E V,5.0,5 months ago,Great place!,"Good evening,
Thank you so much for the wonderful 5-star review! We're thrilled to see that you had such a great experience at Wazobia. We can’t wait to welcome you back again soon.
Thank you.",0,False
Ci9DQUlRQUNvZENodHljRjlvT2xOaWRrdDNTbVV3WDJ0ZlgyVkhTM2t4VkZsbFJFRRAB,Kendra Davis,3.0,5 months ago,,"Good evening Ms. Kendra,
Thank you for your review and support. We’re happy you had a good experience and will keep striving to make your next visit a 5-star rating. But please, let us know how we can improve to make your next visit perfect.
Thank you.",0,False
Ci9DQUlRQUNvZENodHljRjlvT2xSSlpWZDBSVTVPV1VnNFdXNW1aM3BPV1UwMVVHYxAB,Franca Igwilo,5.0,5 months ago,Clean environment. The food is delicious. They are just very slow when serving customers.,"Good evening, Mr./Ms. Franca,
   Thank you so much for the wonderful 5-star review! We're thrilled to see that you had such a great experience at Wazobia. We will work to improve our speed of service, and we can’t wait to welcome you back again soon.
Thank you.",0,False
Ci9DQUlRQUNvZENodHljRjlvT21salRGaG9VMlYyTmpVemNHOXlWVGhrZWxRek5XYxAB,Mukhtar Mustapha,5.0,5 months ago,,"Good morning Mr. Mukhtar,
Thank you so much for your support, patronage, and rewarding feedback.; we are truly grateful.

Thank you.",0,False
Ci9DQUlRQUNvZENodHljRjlvT21semJuVmtaM1kyWDFaVk9UQmlRMVZ3UVVoSk1rRRAB,Paul Ogaga,5.0,6 months ago,Great place to shop for African food. The restaurant is great and the food is absolutely amazing.,"Good morning Mr. Paul,
    Thank you so much for your support, patronage, and rewarding feedback. We will continue to Uphold and increase the standards set and ensure you have the best experience every time you visit.

  Thank you.",0,False
Ci9DQUlRQUNvZENodHljRjlvT21kbFFWbFllSEZEWTFkTlpXbDBVa1YxWlZKRmRtYxAB,Olori Adebisi,5.0,6 months ago,,"Good morning Mr./Ms. Olori,
      Thank you so much for your support, patronage, and rewarding feedback. We are truly grateful.

Thank you.",0,False
Ci9DQUlRQUNvZENodHljRjlvT2xKb04yMDJTSFV5U1dzNFFsZEJOM0p1VkZSRVozYxAB,Ufuoma Jakpa,4.0,6 months ago,,"Good morning Ms. Ufuoma,
    Thank you so much for your support, patronage, and rewarding feedback. How can we earn your 5-star rating?

Thank you.",0,False
Ci9DQUlRQUNvZENodHljRjlvT2prNFVHbGlkakV3YkdRMlgwOXVaR2hVWDNwelUxRRAB,Molica,5.0,6 months ago,,"Good morning Ms./Mrs. Molica,
   Thank you so much for your support, patronage, and rewarding feedback. We will continue to Uphold and increase the standards set and ensure you have the best experience every time you visit.",0,False
Ci9DQUlRQUNvZENodHljRjlvT2tZelUwaE1MWGM1T1VoT1JVVkVkMUJCVG1rdFJXYxAB,munirudeen ojora,5.0,6 months ago,,"Good morning Mr./Ms. Munirudeen,
    Thank you so much for your support, patronage, and rewarding feedback. We appreciate your business and will continue to measure up to your expectations. 

   Thank you.",0,False
Ci9DQUlRQUNvZENodHljRjlvT25SVFQyaDBibmhXVEZnNU16WXRiMGxWZGpKSE9WRRAB,Chioma Edeh,5.0,6 months ago,Nice place to shop native food Indian food or Asian food.,"Good evening Ms./Mrs. Chioma,
Thank you so much for your support, patronage, and honest rewarding feedback. We will continue to Uphold and increase the standards set and ensure you have the best experience every time you visit.

Kind Regards.",0,False
Ci9DQUlRQUNvZENodHljRjlvT2w5NFlUUnlkVkpvYUZoVUxYQTBXbkkwTWpkT2RrRRAB,Star Oluwafemi,2.0,6 months ago,"Hello Wazobia management,  strip up, because this review will be a quite lengthy one.  I have always have a pleasant experience in Wazobia  Market over the couple of months, especially whenever my namesake Mr. Oluwafemi is on duty. He will practically walk me to what I was looking for on the shelf and even at the meat area he will take over the number calling atimes, jinger the Hispanic guys to accelerate the process until everyone is adequately served. I tried tipping him a couple of times just to appreciate him for his dedication but he refused the offer mumbling something like not seeking reward for help offered.... I even changed the tactics and decided to buy him lunch. He will just put up a smile and maintain his stance.  Strange!!!  However, during my recent visits I can't but notice I haven't seen him in a while. I initially thought he was not on shift but my subsequent visits without him on any of the shifts arose my curiosity, leading me to inquire about him, To my surprise I was told he was let go (fired) for no probable cause. I find that very difficult to believe. I know people that deserve to be let go in that establishment. People so sluggish in their duties that you only see them performing when their boss is around, but definitely not a charismatic being like him.  Wazobia management,  hear this, if that information is accurate, you just let go one of your finest, faultless employee, that is if he is not the best self. He possess a very gentle and kind heart, with great customer relation and interaction skills and given my last experience at the store which actually prompted me to write this review which for the record, I have never done before. I feel Wazobia Market let go of a prized employee. Mehn..., you find him everywhere in the store, from the meat area to greeting customers, to cashier table to the snacks and food area or even wheeling carts and baskets. I don't even know what his exact role was because you find him doing everything and anything. I don't know him personally but I recognize talent when I see one and  @Wazobia, that guy is a talent. What a shame!  Now that you let him go, please fix your meat area and the checkout area. It is so unfair for me to want to spend my hard earn money in a store and I have to wait almost an hour to get served and checked out. That is poor customer service in my book. Do something about it.","Good evening Mr./Ms. Star, 
     Thank you so much for taking the time to write such a detailed and heartfelt review. 
   First, we are grateful to hear about the positive experiences you had in our store, especially with Mr. Oluwafemi. It means a great deal to us that his kindness, dedication, and willingness to go above and beyond left such a strong impression on you. Team members who serve with heart and integrity are deeply valued, and we are glad his efforts did not go unnoticed.
    While we are unable to discuss internal employment matters out of respect for privacy and company policy, please know that staffing decisions are never taken lightly. We understand how impactful a great team member can be to the customer experience, and your feedback has been noted and will be shared with leadership.  Note that Wazobia fires no one at no just cause, and in addition the statement of Mr. Femi separating from Wazobia under harsh conditions is completely FALSE.
    We also sincerely apologize for your recent experience in the meat and checkout areas. Waiting close to an hour is not the level of service we aim to provide. Your concerns about efficiency and customer flow are valid, and we are actively working on improving service speed and staffing coordination in those areas to ensure a smoother shopping experience.
     Your loyalty and honesty mean a lot to us. We are committed to doing better and making every visit to Wazobia Market a pleasant one.
Thank you again for your thoughtful review and for choosing to shop with us. Please, contact us directly via wazobiamarket@gmail.com so we can connect personally with you and resolve the stated issues.

  Thank you.

Good evening, Mr. Star Oluwafemi, 
    Just a quick update, we have confirmed and verified that Mr. Femi, Resigned on his own accord. Please, note that the information prior told to you is completely FALSE. 
   Thank you. ",0,False
Ci9DQUlRQUNvZENodHljRjlvT21kaFowbzVNbU5YYUZkQlMxbGZObU56TWxoVlIxRRAB,bolaji G,5.0,6 months ago,Nice,"Good evening Ms./Mrs. Bolaji,
Thank you so much for your support, patronage, and honest rewarding feedback. We will continue to Uphold and increase the standards set and ensure you have the best experience every time you visit.

Kind Regards.",0,False
Ci9DQUlRQUNvZENodHljRjlvT25WWFdYTTNXVXRPTVdkUGEyMTFWRUZXWmxaME1GRRAB,Fatima Adeyemi,5.0,6 months ago,Very good customer service,"Good evening Ms./Mrs. Fatima,
Thank you so much for your support, patronage, and honest rewarding feedback. We will continue to Uphold and increase the standards set and ensure you have the best experience every time you visit.

Kind Regards.",0,False
Ci9DQUlRQUNvZENodHljRjlvT2paYWNVdHJPRUYwZWxoM2RtbEhUMDUyV2poRVIwRRAB,Faizan Ghori,5.0,6 months ago,,"Good evening Mr./Ms. Faizan,
Thank you so much for your support, patronage, and honest rewarding feedback. We will continue to Uphold and increase the standards set and ensure you have the best experience every time you visit.

Kind Regards.",0,False
Ci9DQUlRQUNvZENodHljRjlvT25WWVFXeFlkRmRYYnpabmRWWktTMmxGUjNReE1uYxAB,Cedoman Smart,5.0,7 months ago,I really love wazobia because of good item's high quality and also reasonable price 👌,"Good morning,
    Thank you so much for your support, patronage, and honest rewarding feedback. We will continue to Uphold and increase the standards set and ensure you have the best experience every time you visit.

Kind Regards.",0,False
Ci9DQUlRQUNvZENodHljRjlvT25CRVVuRlVibEZhUVdWWVMwa3ljMnBWVkZsVmMyYxAB,MOTUNRAYO ONI,5.0,7 months ago,I always love to shop here. It's always well organized and clean. The cleanliness is why I stuck with them unlike other African store.,"Good morning Ms. Motunrayo,
    Thank you so much for your support, patronage, and honest rewarding feedback. We will continue to Uphold and increase the standards set and ensure you have the best experience every time you visit.

Kind Regards.",0,False
Ci9DQUlRQUNvZENodHljRjlvT205WWExbE9jREpFU0hGclJWTnlkR0pzY0VnM0xXYxAB,Alexey Moreno Pelegrin,5.0,7 months ago,Una atención increíble,"Buenas tardes, señor,
Muchas gracias por su apoyo, su confianza y sus valiosos comentarios. Continuaremos manteniendo y mejorando los estándares establecidos para garantizarle la mejor experiencia en cada una de sus visitas.

Saludos cordiales.",0,False
Ci9DQUlRQUNvZENodHljRjlvT21ab1dUSnRhak5UTlhjemNTMXBNVkphZEU1TlQzYxAB,Onifade Olanrewaju,5.0,7 months ago,,"Good evening Mr. Onifade,
    Thank you so much for your support, patronage, and honest rewarding feedback. We will continue to Uphold and increase the standards set and ensure you have the best experience every time you visit.

Kind Regards.",0,False
Ci9DQUlRQUNvZENodHljRjlvT2tkdVJreFdTV3QxV0MwMUxYUjNOVVp1UWsxU2FtYxAB,R John,5.0,7 months ago,,"Good Afternoon sir/ma, 
  Thank you so much for your support, patronage, and honest rewarding feedback. We will continue to Uphold and increase the standards set and ensure you have the best experience every time you visit.

Kind Regards.",0,False
Ci9DQUlRQUNvZENodHljRjlvT2pOYU1IZEdURWhqUTJsVFdHMXZUUzFvVW1wSVVXYxAB,Rashida Lawal,5.0,8 months ago,Customer service keeps getting better,"Hi Rashida, 
   Thank you so much for your support, patronage, and honest rewarding feedback. We will continue to Uphold and increase the standards set and ensure you have the best experience every time you visit. 

  Kind Regards, ",0,False
Ci9DQUlRQUNvZENodHljRjlvT2xBeFEwWjVWMDV0WW5BdFltazFhVGhLYjJFd1owRRAB,Kezia Ini,5.0,8 months ago,Nice African store,"Good Morning, Mr./Ms. Kezia,
   Thank you so much for the wonderful 5-star review! We're thrilled to see that you had such a great experience at Wazobia. We can’t wait to welcome you back again soon.
Thank you",0,False
Ci9DQUlRQUNvZENodHljRjlvT21GWVQwRnViRzFyUjJ0eWFXb3RaWEJGT1VkSlVWRRAB,Covina Davis,4.0,8 months ago,,"Good morning Ms. Covina,
Thank you so much for patronizing and leaving us a review, we are sincerely grateful. Please, how can we gain your 5-star review and ensure you enjoy excellent service during your visit to our locations.

Thank you.",0,False
ChdDSUhNMG9nS0VJQ0FnSURJdWE2QTJ3RRAB,Jusyv,4.0,Edited 8 months ago,Good place to shop African stuffs. Clean restaurant and restroom. Cautious staffs and timely attendance,Thank you.,0,False
Ci9DQUlRQUNvZENodHljRjlvT2w5dVFucFdVRkJQWVMxM2R6UXlOak10ZG5kdmMzYxAB,Charles Okolie,5.0,8 months ago,,"Good morning, Mr. Charles,
Thank you so much for the wonderful 5-star review! We're thrilled to see that you had such a great experience at Wazobia. We can’t wait to welcome you back again soon.
Thank you",0,False
Ci9DQUlRQUNvZENodHljRjlvT2xNeVVuUmljR1F4WjBkd1JsOTVZVUo1YlVjMmJrRRAB,Cynthia Kamara,5.0,8 months ago,,"Good morning, Ms. Cynthia,
Thank you so much for the wonderful 5-star review! We're thrilled to see that you had such a great experience at Wazobia. We can’t wait to welcome you back again soon.
Thank you",0,False
Ci9DQUlRQUNvZENodHljRjlvT2pGaFVrcDNTMnBZYldGTlYwd3hiVXB6WW5kS01uYxAB,Juana Nsue,5.0,8 months ago,,"Good morning, Mr./Ms. Juana,
Thank you so much for the wonderful 5-star review! We're thrilled to see that you had such a great experience at Wazobia. We can’t wait to welcome you back again soon.
Thank you",0,False
Ci9DQUlRQUNvZENodHljRjlvT210QlpHeHBaSGgxVlMwME1qUktjR1ZGUXpSRWNIYxAB,Nonye Ibeanu,2.0,8 months ago,"They are so disorganized and their service is extremely slow. One server spend a lifetime with one customer, even chatting away when they are paying like the queue is not long? Work on this. It’s been this way for years. So slow.","Greeting Ms. Nonye,
We’re very sorry to hear about your recent experience with us. We truly appreciate your feedback; it helps us identify where we need to improve.
We’d like the opportunity to learn more and make things right. If you’re open to it, please reach out to us directly at Wazobiamarket@gmail.com so we can discuss this further.
Thank you for bringing this to our attention.
Best Regards.",0,False
Ci9DQUlRQUNvZENodHljRjlvT25aWE1tZG9hMUJyUVdjdFRFcEJOaTEzTjJWR05rRRAB,Akwasi Nti,5.0,8 months ago,,"Good morning, Mr./Ms. Akwasi,
Thank you so much for the wonderful 5-star review! We're thrilled to see that you had such a great experience at Wazobia. We can’t wait to welcome you back again soon.
Thank you",0,False
Ci9DQUlRQUNvZENodHljRjlvT25wTE5YUjBVRVZFV1VWc2JGbHRaREo0U1VoRGNHYxAB,Fabrice Djubgang,3.0,8 months ago,Feeling good here,"Good morning Mr./Ms. Fabrice, 
     Thank you so much for patronizing and leaving us a review, we are sincerely grateful. Please, how can we gain your 5-star review and ensure you enjoy excellent service during your visit to our locations. 

Thank you.",0,False
Ci9DQUlRQUNvZENodHljRjlvT2xZM1EzZFdlR1paUkhVNFZHTk1lbVpuTVRReVRIYxAB,Hannah Weah-Wymola,5.0,8 months ago,High but food is very good depending on what you gets,"Good morning, Ms. Hannah,
Thank you so much for the wonderful 5-star review! We're thrilled to hear that you had such a great experience at Wazobia. Your kind review means a lot to us, and we're so happy you enjoyed your time here. We can’t wait to welcome you back again soon.
Thank you",0,False
Ci9DQUlRQUNvZENodHljRjlvT21aZlNuTjZaVE5GVW1kRmVXMDVMUzEwVkVWalduYxAB,Jesus,5.0,9 months ago,,"Good afternoon Mr. Jesus,
Thank you so much for the wonderful 5-star review! We're thrilled to see that you had such a great experience at Wazobia. Your kind review means a lot to us, and we're so happy you enjoyed your time here. We can’t wait to welcome you back again soon.
Thank you.",0,False
Ci9DQUlRQUNvZENodHljRjlvT2pVeFFtRjZYM1pXWkdsdFRHeFRlVEJaY1hsZmFYYxAB,Babatunde Omotosho,5.0,9 months ago,Great initiative on the expansion. My family and I visited on its relaunch and we got free food! All four of us! The staff members wore smiles on their faces despite the harsh Houston weather. Professionalism is absolutely top-notch,"Good afternoon Mr. Babatunde,
Thank you so much for the wonderful 5-star review! We're thrilled to see that you had such a great experience at Wazobia. Your kind review means a lot to us, and we're so happy you enjoyed your time here. We can’t wait to welcome you back again soon.
Thank you.",0,False
Ci9DQUlRQUNvZENodHljRjlvT2s0dFRqSTNTVU5EYWs0NU5YRkpabnBtYlY5aVdGRRAB,ChiChi C,5.0,9 months ago,"Wazobia Store is an excellent place to shop! The store is well‑organized, clean, and stocked with a wide variety of authentic African products. The staff are friendly, helpful, and always ready to assist, which makes the shopping experience smooth and enjoyable. Prices are fair, and the quality of items is consistently high. I highly recommend Wazobia Store to anyone looking for great service and authentic products.","Good afternoon Mr. ChiChi,
Thank you so much for the wonderful 5-star review! We're thrilled to see that you had such a great experience at Wazobia. Your kind review means a lot to us, and we're so happy you enjoyed your time here. We can’t wait to welcome you back again soon.
Thank you.",0,False
Ci9DQUlRQUNvZENodHljRjlvT2pWNGNsVjBWbkprZEVKMGVEVXlUWFpQVm1oT1NrRRAB,Adeyemi Dami,5.0,9 months ago,I got the Efo riro with pounded yam tasted delicious expect me back next week 😊😊.,"Good afternoon Mr. Adeyemi,
Thank you so much for the wonderful 5-star review! We're thrilled to see that you had such a great experience at Wazobia. Your kind review means a lot to us, and we're so happy you enjoyed your time here. We can’t wait to welcome you back again soon.
Thank you.",0,False
Ci9DQUlRQUNvZENodHljRjlvT25wRGJuZzBXWHBzTFd0SmFGbGthWFZOYVU1S2FtYxAB,Al Vin,5.0,9 months ago,,"Good afternoon Mr. Al Vin,
Thank you so much for the wonderful 5-star review! We're thrilled to see that you had such a great experience at Wazobia. Your kind review means a lot to us, and we're so happy you enjoyed your time here. We can’t wait to welcome you back again soon.
Thank you.",0,False
Ci9DQUlRQUNvZENodHljRjlvT2tZemREZFdUWEpDVEZOWWNYRjNOVXRKTVd4ZmNFRRAB,Ida Mahop,5.0,9 months ago,Their food is good and environment clean,"Thank you, Mr./Ms. Ida, for your 5-star review and testament to our good food. We sincerely appreciate your support and look forward to serving you again soon.",0,False
Ci9DQUlRQUNvZENodHljRjlvT2xWdE5XOTFjRk5aZURnNVZrWnpTVEZ6YkVaSFJIYxAB,Wumi Ijad,5.0,9 months ago,,"Thank you, Ms. Wumi, for your 5-star review and testament to our good food. We sincerely appreciate your support and look forward to serving you again soon.",0,False
Ci9DQUlRQUNvZENodHljRjlvT2xWVWMwNVpOakJwUlVKak5HcGpibmd4VldsZmExRRAB,Chidimma Mary,5.0,9 months ago,,"Good evening, Ms. Chidinma,
     Thank you so much for the wonderful 5-star review! We're thrilled to hear that you had such a great experience at Wazobia. Your kind review means a lot to us, and we're so happy you enjoyed your time here. We can’t wait to welcome you back again soon.
Thank you",0,False
Ci9DQUlRQUNvZENodHljRjlvT2tkQlVsRTRkRkJFYnpGc2RsUjNabTFITkU5T2MyYxAB,Bibi,5.0,9 months ago,,"Good evening, Ms. Bibi.
Thank you so much for the wonderful 5-star review! We're thrilled to hear that you had such a great experience at Wazobia. Your kind review means a lot to us, and we're so happy you enjoyed your time here. We can’t wait to welcome you back again soon.
Thank you",0,False
Ci9DQUlRQUNvZENodHljRjlvT2xVd1JFSXdXRzV4TVRoSk1UWnZaMGxQYWxJdFYyYxAB,Aleshia H.,2.0,9 months ago,"The wait is too long for food, they need more workers, and more space.","Good evening Ms. Aleshia,
   We’re very concerned to read your feedback, as customer service and care are our top priorities. We are looking to increase on our staffing count so we can improve our service and get you home quickly. 
   Thank you for bringing this to our attention, we want to ensure every customer receives the high quality, healthy meals we pride ourselves on.
Kind Regards.",0,False
ChZDSUhNMG9nS0VJQ0FnSURSdTgtSVF3EAE,Mama Coycoy,5.0,Edited 9 months ago,,"Dear Mama, Thank you for leaving us a 5-star review, we appreciate your patronage. Looking forward to serving you again.",0,False
Ci9DQUlRQUNvZENodHljRjlvT25RNFRFdEVMVXBwUlRadUxYaHdNWGRyVDJWME1GRRAB,Joseph Poplinger,5.0,10 months ago,African food. A bit expensive but good quality,"Good evening Mr. Joseph,
Thank you so much for the wonderful 5-star review! We're thrilled to hear that you had such a great experience at Wazobia. Your kind review means a lot to us, and we're so happy you enjoyed your time here. We can’t wait to welcome you back again soon.
Thank you",0,False
Ci9DQUlRQUNvZENodHljRjlvT2pGWllrMVRVR0o2TlU5RWMwUmhVR1E0WjI5ek9FRRAB,Balm N Body Health and Wellness Clinic,5.0,10 months ago,,"Good evening,
Thank you so much for the wonderful 5-star review! We're thrilled to hear that you had such a great experience at Wazobia. Your kind review means a lot to us, and we're so happy you enjoyed your time here. We can’t wait to welcome you back again soon.
Thank you",0,False
Ci9DQUlRQUNvZENodHljRjlvT25ad1UzbFVXV05OT1hGc01rdHFaVkZNTTFkMGJIYxAB,Mariam Gbadamosi,5.0,10 months ago,,"Good evening Ms. Mariam,
Thank you so much for the wonderful 5-star review! We're thrilled to hear that you had such a great experience at Wazobia. Your kind review means a lot to us, and we're so happy you enjoyed your time here. We can’t wait to welcome you back again soon.
Thank you",0,False
Ci9DQUlRQUNvZENodHljRjlvT21RemIwVnNlVGxOVUc5RWNHeE1lRjlhTW1OclIyYxAB,Salim B,5.0,Edited 10 months ago,"Wazobia Market is one of the best spots in Houston for African groceries. The place is well-organized, prices are fair, and they always have fresh items you can’t find in regular supermarkets. Staff is friendly and helpful, and the meat section is always clean. If you want real African ingredients without driving all over the city, this is the place to go.","Good afternoon Mr./Ms. Salim,
    Thank you so much for your patronage and support, we are so grateful. How can we improve our service and meet your expectations? We aim to provide awesome service and earn your business plus the 5-star rating.
Kind Regards.",0,False
Ci9DQUlRQUNvZENodHljRjlvT2xGQlZYbGZiRk14Y0RoNlMzSTJZemhDVG5KQ1VVRRAB,Best in Variety Activewear,5.0,10 months ago,Great selection,"Good afternoon,
   We are delighted you had a good experience at one of our stores, our goal here at WAZOBIA is to serve you and provide you with great service, thank you for your patronage and we look forward to serving you and continue making you feel good.",0,False
Ci9DQUlRQUNvZENodHljRjlvT2pGZmEzTlBOSGx3Y1hCMmFGazBYMGREYm5OSGJtYxAB,Nicole T,5.0,10 months ago,"Looking for some good grilled chicken,  scorched eggs and fish. Already cooked! YUMMY TO MY TUMMY","Good afternoon Ms. Nicole,
Thank you so much for your patronage and support, we are so grateful. We will continue to meet your expectations.
Kind Regards.",0,False
Ci9DQUlRQUNvZENodHljRjlvT21oV05FSlZjMkZhYkVkb2F6Qk1aVFEzZUc1eFozYxAB,Ka A,5.0,10 months ago,,"Good afternoon Mr./Ms. Ka,
Thank you so much for your patronage and support, we are so grateful. We will continue to meet your expectations.
Kind Regards.",0,False
Ci9DQUlRQUNvZENodHljRjlvT2pOV1FVNWlWVzQxTmw5M1dsbFhjbXBNVERWUlExRRAB,Opara Augustine,5.0,10 months ago,,"Good afternoon Mr. Opara,
   We are delighted you had a good experience at one of our stores, our goal here at WAZOBIA is to serve you and provide you with great service, thank you for your patronage and we look forward to serving you and continue making you feel good.",0,False
Ci9DQUlRQUNvZENodHljRjlvT2paQ1pIQlpVWGt6TFVselZISjJaeTAwUWpoaVMxRRAB,Chika Okpara,5.0,10 months ago,,"Good afternoon Mr./Ms. Chika,
     Thank you so much for your patronage and support, we are so grateful. We will continue to meet your expectations.
Kind Regards.",0,False
Ci9DQUlRQUNvZENodHljRjlvT2poT1VteFpNbG93ZGpZemQxTXRjMmh2Tm5ORWNXYxAB,Herby,5.0,10 months ago,My go to spot for puff puff and spicy gizards👍,"Good afternoon Ms. Herby,
      Thank you so much for your patronage and support, we are so grateful. We will continue to meet your expectations. We will continue to do our best to source best quality products at the best price.
Kind Regards.",0,False
Ci9DQUlRQUNvZENodHljRjlvT2xaVVpHOHlOMlU1YUV4ZmVVUmxXV0pQU3pWSFpYYxAB,S Sonuga,5.0,10 months ago,,"Good morning Mr./Ms. Sonuga,
Thank you so much for your patronage and support, we are so grateful. We will keep up the good work to ensure we keep earning your business.
Thank you",0,False
Ci9DQUlRQUNvZENodHljRjlvT2w5UFh6TnhiRkp1VVdRd1JEaHBhVmhhVTBSNVEwRRAB,Richard Okoogwa,5.0,10 months ago,,"Good afternoon Mr. Richard,
    Thank you so much for your patronage and support, we are so grateful. We will continue to meet your expectations.
Kind Regards.",0,False
Ci9DQUlRQUNvZENodHljRjlvT2w4MFEyTk1WMHRzT1hjNVRVdHRRME4wTmpoWlEyYxAB,Valery Nsabe,1.0,10 months ago,,"Good morning Mr./Ms. Valery,
    We’re truly sorry to hear about your experience at our location. This is not the quality or service we strive to provide. We take feedback seriously and would love the opportunity to make things right. Please reach out to us at wazobiamarket@gmail.com or contact the store so we can address your concerns and improve. We would love to see how we can earn your 5-star feedback.
Kind regards.",0,False
Ci9DQUlRQUNvZENodHljRjlvT2xFM1p6VjNkMVYwVjFSUlJtd3pWbWsxTUd0TWNVRRAB,tomi enitan,1.0,10 months ago,"When you come here, be prepared to have your time wasted. I came in just to grab some groceries and ended up standing in line for over 15 minutes. After all that waiting, I was told the register was acting up, with zero empathy. I switched to another line, which took another 10 minutes before I was finally checked out. Very upsetting and disappointing experience.","Good morning Mr./Ms. Tomi,
We’re truly sorry to hear about your experience at our location. This is not the quality or service we strive to provide. We take feedback seriously and would love the opportunity to make things right. Please reach out to us at wazobiamarket@gmail.com or contact the store so we can address your concerns and improve. Thank you for bringing this to our attention.
Kind regards.",0,False
ChZDSUhNMG9nS0VJQ0FnSUN3OUphbGZ3EAE,fakanlu oluwabusuyi,4.0,Edited 10 months ago,Everything african not just food,Thank you.,0,False
ChZDSUhNMG9nS0VJQ0FnSUNRa3NYbWZ3EAE,Humphrey Mosenge,2.0,Edited 10 months ago,Doordash orders take hours to prepare,"Thank you, we are glad you are satisfied.",0,False
Ci9DQUlRQUNvZENodHljRjlvT25VME5HeFNaRWR4Y0d0cWRtdDZNSGxuVTFWVWFrRRAB,Gbenga Awojinrin,5.0,10 months ago,"Best party jollof rice I have had since stepping into the US. Whether it was a one-off thing or that's their norm, I don't know. I do know whenever I return to Houston, I'll be ordering their rice again.","Good afternoon Mr. Gbenga,
      Thank you so much for your support and membership, we are grateful. We will continue to strive for greatness and meet you everyday expectations.
Thank you.",0,False
ChdDSUhNMG9nS0VJQ0FnSUNYNWQ3Q3hRRRAB,John Ogun,5.0,Edited 10 months ago,It's an awesome place to be.,"Good morning Mr. John,
We are delighted you had a good experience at one of our stores, our goal here at WAZOBIA is to serve you and provide you with great service, thank you for your patronage and we look forward to serving you and continue making you feel good.",0,False
ChdDSUhNMG9nS0VJQ0FnSURna2VPMTdBRRAB,Oyinda Adeoshun,4.0,Edited 10 months ago,,Thank you.,0,False
Ci9DQUlRQUNvZENodHljRjlvT2pndGJqWXdWRFJIU0VwelJYSXdabDlJVmxkT2JXYxAB,Rafael Muele,5.0,10 months ago,Good experience,"Thank you, Mr. Rafael, for your review and support. We’re happy you had a positive experience and will keep working to meet and exceed your expectations.",0,False
Ci9DQUlRQUNvZENodHljRjlvT2xkeWNXb3dWa2cyZGw5c2FIcHdNRmwyY0dsRU4xRRAB,Dolapo Alade Oduniyi,5.0,11 months ago,,"Thank you, Ms. Dolapo, for your review and support. We’re happy you had a positive experience and will keep working to meet and exceed your expectations.",0,False
Ci9DQUlRQUNvZENodHljRjlvT2t0d1lrTlpURVJNWmxsa1ZXUkdTM0ZmVGtZMGVsRRAB,That African,4.0,11 months ago,Good atmosphere 👌,"Thank you, sir/Madam, for your review and kind words. We’re glad you enjoyed your visit, and we’ll keep working hard to make your next experience a 5-star one.",0,False
Ci9DQUlRQUNvZENodHljRjlvT2xBNU5Wa3RSRTVXVjFsRk5WRnNSRlJJVGxoRE5FRRAB,Lisa Duncan,5.0,11 months ago,Buzzing with ppl. Even open in the late night.,"Good afternoon Ms. Lisa,
Thank you so much for the wonderful 5-star review! We're thrilled to hear that you had such a great experience at Wazobia. Your kind review means a lot to us, and we're so happy you enjoyed your time here. We can’t wait to welcome you back again soon.
Thank you.",0,False
Ci9DQUlRQUNvZENodHljRjlvT2pGblVIUTJRelE1Y2twTlExZGpiR1ZxWW1NeGNVRRAB,michelle talabi,5.0,11 months ago,The only African market you should be shopping at,"Good afternoon Ms. Michelle,
     Thank you for your patronage and feedback, we truly appreciate it. We will continue to improve and be at our best to care for you, earn your 5-star ratings and business.
Thank you.",0,False
Ci9DQUlRQUNvZENodHljRjlvT2pBME9GZFVibUpFU21Ga1NWQmpUa2R0Um5Sa01WRRAB,Grace Ade,1.0,11 months ago,"What do you spray your ripe Plantain with? I bought about 12 plantain on Friday 10/10/25 by the time i got home they were turning BLACK, by the next day a couple them were super soft and soggy. Please,  this unsafe practice must stop. I buy same product from Fiesta Mart and it takes it's NATURAL COURSE to slowly rippen. If this unsafe practice continues i would have to get the appropriate establishment involved.  I have seen Videos online where unripe plantain and unripe bananas are dipped into Chemicals and brought out the immediate result is that they come out of the Chemicals looking YELLOW & RIPE. Every Customer's health is vital.","Good afternoon Ms. Grace, 
   Thank you for bringing your concerns to our attention.
We want to assure you that we do not use or spray any chemicals or substances to artificially ripen plantains. Our store follows strict handling procedures, and we do not engage in any practices to accelerate the ripening process.

It's important to note that plantains are highly sensitive to heat, and exposure to warm temperatures, such as during transportation or storage, can cause them to ripen rapidly and even darken or soften within a short period. We do our best to manage storage conditions properly, but sometimes environmental factors can affect ripening faster than expected.
We appreciate your feedback and will continue to monitor and improve our handling procedures to ensure the best quality for our customers. Your health and satisfaction are extremely important to us, and we are open to work with any govt agency that wants to review this matter. 
  Thank you. 

Thank you again for reaching out.",0,False
Ci9DQUlRQUNvZENodHljRjlvT2pCMWRrVk9USFl6UXpSck1VVlhUMmsxY0dGTExXYxAB,KIMBERLY WILLIAMS,4.0,11 months ago,,"Good afternoon Ms. Kimberly,
Thank you so much for your patronage and support, we are so grateful. How can we improve our service and meet your expectations? We aim to provide awesome service and earn your business plus the 5-star rating.
Kind Regards.",0,False
Ci9DQUlRQUNvZENodHljRjlvT2toRGVHWmZkVUZwYkdkNGIwRm9ha0ptT0RJMmJYYxAB,Franklin Onyenuforo,5.0,11 months ago,,"Good morning Mr. Franklin,
     Thank you for your patronage and feedback, we truly appreciate it. We will continue to improve and be at our best to care for you, earn your 5-star ratings and business.
Thank you.",0,False
Ci9DQUlRQUNvZENodHljRjlvT2poYVZGOXNialV4ZUMwME9ESXlkelpEVGxsRlNrRRAB,PrettyK,4.0,11 months ago,,"Good evening Ms. PrettyK,
Thank you so much for your patronage and support, we are so grateful. How can we improve our service and meet your expectations? We aim to provide awesome service and earn your business plus the 5-star rating.
Kind Regards.",0,False
ChZDSUhNMG9nS0VJQ0FnSURDcy12ZktBEAE,Bukola Kayode,5.0,Edited 11 months ago,,"Good evening Ms. Bukola,
Thank you so much for the wonderful 5-star review! We're thrilled to hear that you had such a great experience at Wazobia. Your kind review means a lot to us, and we're so happy you enjoyed your time here. We can’t wait to welcome you back again soon.
Thank you.",0,False
Ci9DQUlRQUNvZENodHljRjlvT2pGbFZHSkRRMGt0YldSaVl6VllObmRDVUVZNVRGRRAB,LEO OJIGBO,5.0,11 months ago,,"Good evening Mr. Leo,
Thank you so much for the wonderful 5-star review! We're thrilled to hear that you had such a great experience at Wazobia. Your kind review means a lot to us, and we're so happy you enjoyed your time here. We can’t wait to welcome you back again soon.
Thank you.",0,False
Ci9DQUlRQUNvZENodHljRjlvT2pKTGRtRTFjM0F4Ym05UldrUldRbU42Y1c1UmRXYxAB,Donna Okogwu,2.0,11 months ago,Brought stew and it was sour.,"Good afternoon Ms. Donna,
We appreciate your patronage and support, and your feedback helps us keep working towards being your best kitchen. To support us research and resolve this better, please can you contact us at wazobiamarket@gmail.com.
We are eternally grateful for your patronage and support.

Thank you.",0,False
Ci9DQUlRQUNvZENodHljRjlvT25aNGVWRTRkSEZEVGpaa1JHTmhXRGxhTmpob1VWRRAB,Sarah Olorunyomi,1.0,11 months ago,"Your employees WILL be the reason why there will be a lawsuit against this store. Where in the store does it states pregnant women or with children will be attended to first regardless of the pick a number procedure in the meat department? So I was already waiting 9 plus minutes, so because this woman is pregnant the rules and policy for requesting for meat/poultry is voided out. That’s discrimination. The sad case is they catered to the alleged pregnant woman when there should have been structure and procedure in a multi business establishment. If you’re not able to do that at Walmart, HEB, or other shopping stores why would it be done at this store?","Good morning Ms. Sarah, 
     Thank you for bringing this to our attention. We’re very sorry to hear about your experience and understand your frustration. Our intention is always to serve customers fairly and respectfully, following the number system in place to ensure order and transparency.
We sincerely apologize if it appeared that this process was not followed, and we’re reviewing the situation internally to ensure that our team consistently upholds proper procedures for all customers. Your feedback will be addressed directly with the staff involved, and we’re taking it seriously to prevent similar concerns in the future.
   In same light, I would like to clearly state that in situations like this, we are also required to prioritize disabled and senior citizens to ensure their health and care is also well managed. Women who are pregnant are most times considered to be temporarily disabled. As we all know, pregnancy is not an easy journey, and most women go through serious life threatening events, that some women loose their lives in the process. The staffs are trained to ensure they are cared for with utmost urgency and care, to prevent any medical related emergency from occurring at the site or as a result of our service. 
We appreciate your patience and the opportunity to improve. Thank you.",0,False
Ci9DQUlRQUNvZENodHljRjlvT21rNFQwbFRaVUpUWVVSdFdVdENWRnB1UWtWUldYYxAB,huhhryanあ,5.0,11 months ago,,"Good Afternoon Sir/Madam,
Thank you so much for the wonderful 5-star review! We're thrilled to hear that you had such a great experience at Wazobia. Your kind review means a lot to us, and we're so happy you enjoyed your time here. We can’t wait to welcome you back again soon.
Thank you.",0,False
Ci9DQUlRQUNvZENodHljRjlvT2xKR1RUWnlhMjh4VW1WcVIwVmZOSGR5UzBVMk1IYxAB,Erhube Helen,3.0,11 months ago,,"Good Morning Sir/Madam,
Thank you so much for taking time to patronize us and leave us a feedback, we are truly grateful. 
  We are sad to see that you gave us a 3 star ratings, and would love to know more on your experience, how we can improve on it to give you a better experience, and potentially earn your 5 star and membership. Please, contact us at wazobiamarket@gmail.com, we look forward to hearing from you and building an amazing relationship.
  Thank you.",0,False
Ci9DQUlRQUNvZENodHljRjlvT21OYVozZFNVSFpCWWpsWFlrSlRVVjlQVlZwc1RYYxAB,Houston Men Of Purpose,5.0,11 months ago,,"Good Morning Sir/Madam,
Thank you so much for the wonderful 5-star review! We're thrilled to hear that you had such a great experience at Wazobia. Your kind review means a lot to us, and we're so happy you enjoyed your time here. We can’t wait to welcome you back again soon.
  Thank you.",0,False
Ci9DQUlRQUNvZENodHljRjlvT2t3MVlYbE5aSGxSUjFaV1ZtWlFlWEpWWkdGUE5XYxAB,Uju,1.0,11 months ago,"Hmmm, waited for a good 30 minutes before it got to my turn to buy fish, goat meat, tripe etc. I just opened the bags and realized that the goat meat, catfish and the tripe was not cut as requested. How do I cut chunks of goat meat with my kitchen knife? 🤷. Also noticed the Hispanic guys are new, they are too slow and do not follow instructions. They should get some training please...I am really upset now. Mtchew...","
Good Morning Sir/Madam,
    Thank you so much for taking time to patronize us and leave us a feedback, we are truly grateful. 
    We are sad to see that you gave us a 1 star ratings, and We sincerely apologize for the wait time and for not cutting your items as requested. Your feedback is very important, and we’re addressing this with our team to ensure better service and proper training. We truly regret the inconvenience and appreciate you bringing this to our attention.
   We  look forward to severing you better and earring your 5 star ratings. 

Thank you. ",0,False
ChdDSUhNMG9nS0VJQ0FnSUNDdkkzZ3VRRRAB,Ben Mbong,3.0,Edited 11 months ago,,"Good Morning Sir/Madam,
Thank you so much for taking time to patronize us and leave us a feedback, we are truly grateful. 
We are sad to see that you gave us a 3 star ratings, and would love to know more on your experience, how we can improve on it to give you a better experience, and potentially earn your 5 star and membership. Please, contact us at wazobiamarket@gmail.com, we look forward to hearing from you and building an amazing relationship.
Thank you.",0,False
Ci9DQUlRQUNvZENodHljRjlvT2xNMmFrVTJXV3hRVlVkSVEyVk1TemxyZFU5T1ozYxAB,Imeh Ntia,3.0,a year ago,,"Good afternoon Mr. Imeh,
Thank you so much for your patronage and support, we are so grateful. How can we improve our service and meet your expectations? Your satisfaction and care are our utmost priority.
Kind Regards.",0,False
Ci9DQUlRQUNvZENodHljRjlvT2tGRmJ6QjZNbWQwUlU5NFdYSjBWalJLVG1oclpGRRAB,Tiffany,4.0,a year ago,This store seemed relatively clean and organized.,"Good morning Ms. Tiffany,
Thank you so much for your patronage and support, we are so grateful. How can we improve our service and meet your expectations? Your satisfaction and care are our utmost priority.
Kind Regards.",0,False
ChZDSUhNMG9nS0VJQ0FnTUNvdXR6ckdnEAE,Christelle KPAKOTE,5.0,Edited a year ago,Always clean and professional. Customer service friendly.,"Good Morning Ms. Christelle,

Thank you so much for the wonderful 5-star review! We're thrilled to hear that you had such a great experience at Wazobia. Your kind review means a lot to us, and we're so happy you enjoyed your time here. We can’t wait to welcome you back again soon",0,False
Ci9DQUlRQUNvZENodHljRjlvT2s5dE5sTXRRekpaYmsxM2QwMVJOVmd5UzNoU1dHYxAB,Jam Li,5.0,a year ago,The best Africa store in Houston. Customer service good,"Good morning Mr./Ms. Jam,
Thank you so much for your patronage and support, we are so grateful. We will keep up the good work to ensure we keep earning your business.
Thank you",0,False
Ci9DQUlRQUNvZENodHljRjlvT2todFVWVXpOVVpyUjFscGJVMDVZWE55WmpobGJWRRAB,Nicole Nark,5.0,a year ago,Perfect place for African essentials. Great selection of fresh and frozen meats and seafood,"Good afternoon Ms. Nicole,
Thank you so much for your patronage and support, we are so grateful. We will continue to meet your expectations.
Kind Regards.",0,False
Ci9DQUlRQUNvZENodHljRjlvT25Wdk1ESkRha3QxYlVWQ1pWWjNVRmN5U214aGJrRRAB,Colette Ajoku,5.0,a year ago,okay but expensive,"Good afternoon Ms. Colette,
Thank you so much for your patronage and support, we are so grateful. We will continue to meet your expectations. We are unfortunately impacted by the tariffs and inflation in the country; we will do our best to source best quality products at the best price. 
Kind Regards.",0,False
Ci9DQUlRQUNvZENodHljRjlvT25seWVVWnVOMHRvV1ZSdFluQjZla3hzUW0xbk4zYxAB,Tunde Soaga,4.0,a year ago,,"Good morning Mr. Tunde,
Thank you so much for your patronage and support, we are so grateful. How can we improve to meet your expectations and earn your 5 star ratings?
Kind Regards.",0,False
Ci9DQUlRQUNvZENodHljRjlvT21OcFNtWjZTSFZPWWtaNE1sTXpOa2RqWWtkdFFrRRAB,Fisayo jassey-jabarr,5.0,a year ago,,"Thank you, Mr. Fisayo, for your review and support. We’re happy you had a positive experience and will keep working to meet and exceed your expectations.",0,False
Ci9DQUlRQUNvZENodHljRjlvT2tkQ2FFRnFXblF3Y0VsRmJtWk9PRFpRUjJONFZtYxAB,JC Scott,4.0,a year ago,,"Thank you, Mr. JC, for your review and support. We’re happy you had a positive experience and will keep working to meet and exceed your expectations.",0,False
Ci9DQUlRQUNvZENodHljRjlvT25BMmFHMDFNM0ZpTlV4bFRtTmFUMGxFY3pCRmVIYxAB,Pam Oh,5.0,a year ago,"Clean store, very friendly and helpful employees. I love the coconut rice and oha soup. Honestly all their food is good. And it doesn’t smell bad in the grocery store","Thank you for your 5-star review! We’re delighted you enjoyed our food and service, and we look forward to welcoming you back soon.",0,False
Ci9DQUlRQUNvZENodHljRjlvT25CTFYwWXRYekZFZDJKUlYxRjRWMU5MV1RsT2IzYxAB,Chidimma Ukoha,5.0,a year ago,,"Thank you, Ms. Chidimma, for your 5-star review! We truly appreciate your continued support and look forward to serving you again.",0,False
Ci9DQUlRQUNvZENodHljRjlvT25oRWNreGlPRkYyUWs1T2VsOXpNbGxyVVdsUGJXYxAB,Raymond K.,4.0,a year ago,,"Thank you, Mr. Raymond, for sharing your review. We’re glad you had a good experience and we’ll keep working hard to make your next visit a 5-star one. We appreciate your support!",0,False
Ci9DQUlRQUNvZENodHljRjlvT21sME1tZ3RSSFk1WDJscmEzcHpRVVpzVVVKeE1WRRAB,Shalonda White,4.0,a year ago,,"Thank you, Ms. Shalonda, for your review and support. We’re happy you had a good experience and will keep striving to make your next visit a 5-star one.",0,False
Ci9DQUlRQUNvZENodHljRjlvT20xUmQxUnRiRjlQTTJGU00ybERTbnBKYlhwU1IxRRAB,Kolawole Odubanwo,5.0,a year ago,,"Thank you, Mr. Kolawole, for your 5-star review! We sincerely appreciate your support and look forward to serving you again soon.",0,False
ChZDSUhNMG9nS0VJQ0FnSURLMktxUk1REAE,Moses,5.0,Edited a year ago,Good goat head for my soup,Thank you Mr Moses,0,False
Ci9DQUlRQUNvZENodHljRjlvT2pNdFltVklVVGQ2UmxWdE0zYzNTbXhpUzBscVUzYxAB,Bimmy D,5.0,a year ago,"Great place for African food, ingredients and cooked delicacies","Good day Mr./Ms. Bimmy,
We are thankful for your support and feedback; we are really grateful. We look forward to caring and making you happy each time you visit the store.
Thank you.",0,False
Ci9DQUlRQUNvZENodHljRjlvT2tWWmNIaFBiekpmU0ZoT1UxbzJYM1pFTmxGZlRuYxAB,Ademola Ayansola,5.0,a year ago,,"Good day Mr. Ademola,
We are thankful for your support and feedback; we are really grateful. We look forward to caring and making you happy each time you visit the store.
Thank you.",0,False
Ci9DQUlRQUNvZENodHljRjlvT21sbFVVUm1TbU0wTkdKeGRVbFdhV0pwTlRNdFZHYxAB,Ugoeze Nnajiofor,3.0,a year ago,"The last time I was here, their system  was down. And I waited for over 50 mins to have my items checked out.","Good afternoon Ms. Ugoeze,
Thank you for sharing your experience with us. I sincerely apologize for the inconvenience you experienced due to our system being down. We understand how frustrating it must have been to wait over 50 minutes to have your items checked out.

Your experience is certainly not the level of service we strive to provide. We have since taken steps to prevent similar issues in the future by improving our backup procedures and checkout contingency plans.

If you’d be willing to give us another chance, I’d love to help make your next visit smoother. Please feel free to reach out to the store or me via email at wazoiamarket@gmail.com so I can personally assist.

Thank you for your patience and honest feedback. We appreciate your time, and hope to serve you better.",0,False
Ci9DQUlRQUNvZENodHljRjlvT2pkdlZXMUxaa0ZsUzBsemNqVnpkRFZxWm1VNFJsRRAB,Emo Jevwe,5.0,a year ago,,"Good day Mr./Ms. Emo,
We are thankful for your support and feedback; we are really grateful. We look forward to caring and making you happy each time you visit the store.
Thank you.",0,False
Ci9DQUlRQUNvZENodHljRjlvT2tac1pVdDJNbWw0VmpWMWJUVjJVR1pPWkd0dVpGRRAB,Edward Iloghalu,2.0,a year ago,Today is the 3rd time I’m buying salad for the restaurant and by the time I’m home  the salad is spoilt smelling bad .. so sad and annoying ..,"Good evening Mr. Edward,
We’re truly sorry to hear about your experience at our location. This is not the quality or service we strive to provide. We take feedback seriously and would love the opportunity to make things right. Please reach out to us at wazobiamarket@gmail.com or contact the store so we can address your concerns and improve. Thank you for bringing this to our attention.
Kind regards.",0,False
Ci9DQUlRQUNvZENodHljRjlvT201eE9WTTRjbUpaTjI5RlUzTjFTRzFIZUhOVVFVRRAB,Joshua Jaiyesimi,5.0,a year ago,Rice 25Lb is good. Plantains look really nice. Tasty. Can Vitamalt is excellent.,"Good evening Mr. Joshua, 
   Thank you so much for your patronage, feedback, and membership, we are truly grateful. 
   Thank you.",0,False
Ci9DQUlRQUNvZENodHljRjlvT2prd1JtUm1TbFppWTBrM1JFRnpZamRvTmtsbk4wRRAB,Olawunmi Solomon,5.0,a year ago,,"Good morning Olawunmi,
    Thank you so much for your support and membership, we are grateful. We will continue to strive for greatness and meet you everyday expectations.

   Thank you.",0,False
Ci9DQUlRQUNvZENodHljRjlvT210Q1gzUllOMUp5YjFSb1IyMUNiVVF0WlhWUmQxRRAB,Imma N,5.0,Edited a year ago,,"Good day Mr./Ms. Imma,
    We are thankful for your support and feedback; we are really grateful. We look forward to caring and making you happy each time you visit the store.
Thank you.",0,False
Ci9DQUlRQUNvZENodHljRjlvT21WblpWODJaMEpDTm05VmNUUjZhWGwxV1hCTVVYYxAB,D. Muyoba,5.0,a year ago,,"Good evening, 
    Thank you super much for patronizing us and giving us amazing feedback. We are forever grateful and will keep making you proud. 
  Thank you.",0,False
Ci9DQUlRQUNvZENodHljRjlvT2s1V1VUWlNYM2g1TXpBM1FYVnJObU5EVEhkWFVIYxAB,Kaori Asprilla,5.0,a year ago,," Good afternoon, Kaori, 
    Thank you so much for your patronage and feedback, we are really grateful. We will continue to work on maintaining this great standard and constantly improving. Thank you.",0,False
ChdDSUhNMG9nS0VJQ0FnSUNxZ18yT3J3RRAB,Yisel Parra,4.0,Edited a year ago,,"Dear Yisel,
Thanks for taking time to give us a review. We are so sorry we didn't meet up with your expectations and would appreciate if you could lend us a bit out of your time to discuss your experience in details
Please feel free to email us @wazobiaafricanmarket@gmail.com.",0,False
Ci9DQUlRQUNvZENodHljRjlvT2xGUE5FNXdiaTFvVG5OVVdYWlJlVXBsTm1WUk5tYxAB,Johnson Sanya,5.0,a year ago,,"Thank you so much Mr. Johnson, we are forever grateful and honored to have you. You are amazing and more blessing will overshadow you, Amen.  ",0,False
ChdDSUhNMG9nS0VJQ0FnSURRdGZMNnJBRRAB,Okezie Okoye,4.0,Edited a year ago,,Thank you.,0,False
Ci9DQUlRQUNvZENodHljRjlvT2taNlRWRkJNa3RSVTE5MVlWVmlTWG93T1dJMmQzYxAB,Muiz Adekunle Agbaje,4.0,a year ago,,"Good evening Mr. Muiz, 
    We appreciate your feedback and support; words can't express how much your membership means to us. Please, let us know if there is any way we can improve our service, to earn your 5-star ratings. 
   Thank you.",0,False
ChZDSUhNMG9nS0VJQ0FnSUNBenMzQ1NnEAE,DAVID AKINGBA (OLUDAVIS),5.0,Edited a year ago,,Thank you.,0,False
Ci9DQUlRQUNvZENodHljRjlvT2tzeU5YQjFMVVE0VW5waWNXWTJjRk56Vmt4eFJuYxAB,Visionary,2.0,a year ago,"I’ve been coming here for years and things have changed. The produce has not been fresh my last few visits, moldy veggies, fruit flys, and spoiled meat was sold to me as I cooked it same day and it had my whole home smelling (periwinkle) they use to have someone keeping the produce fresh but now no more. Please correct this or I will have to go elsewhere"," Good afternoon, Visionary, 
        We are so sad to hear of your recent experience, with us here at Wazobia, It is not part of the culture or values we promote. Please, can you contact us at wazobiamarket@gmail.com so we can get more details to fix all these issues. In the main time, we will work with the managers to identify gaps and start fixing them. We hope we can serve you better in the store, please contact us for us to resolve all the identified issues. 
  Thank you. ",0,False
Ci9DQUlRQUNvZENodHljRjlvT2xaU1lVNDRSWGhPYTB4VGRIWkJaM0JoYmpOTU0yYxAB,Oladayo Olarinde,5.0,a year ago,,"Good day Mr. Oladayo, 
      We are thankful for your support and feedback, we are really grateful. We look forward to caring and making you happy each time you visit the store. 
  Thank you. ",0,False
Ci9DQUlRQUNvZENodHljRjlvT25ZelpFZHNkVkp5ZDAxdFJHOTRRMnRSUTA5V05tYxAB,Ezenweani Joy,5.0,a year ago,"Wazobia the best,the customer service is topnotch,is Africa in USA when it comes to Africa food","Good day Ms. Ezeneani, 
     Your feedback made our day. Thank you so much for your patronage, membership, support, and feedback, we cannot thank you enough. Thank you.",0,False
Ci9DQUlRQUNvZENodHljRjlvT21wdkxURk5VM1ZtUjBjek1XTlpRMll6VjBKRlJVRRAB,erma weaver,5.0,a year ago,Good food,"Good evening Mr./Ms. Erma,
    We are delighted to receive your feedback, thank you so much for your patronage and support, your membership and approval means a lot to us. 
   Thank you.",0,False
Ci9DQUlRQUNvZENodHljRjlvT2toSlIyMVpkV3hCYjA1QmFrSnJVM0F5WVY5cFYyYxAB,Adewale Adebero,5.0,a year ago,Nice and affordable African groceries are sold here,"Good day Mr. Adebero,
     Thank you so much for your support, patronage, and feedback. We are forever grateful. We will continue to strive to maintain the highest standards of quality and price, best customer service, and community support. 
  Thank you.",0,False
ChZDSUhNMG9nS0VJQ0FnSURPeFBxZFhnEAE,Tajudeen Yusuff (Teejay),5.0,Edited a year ago,,Dear Tajudeen. Thank you for the 5-star rating and for sharing your experience with us and the community.,0,False
ChdDSUhNMG9nS0VJQ0FnTUNZbU11SXFRRRAB,Philip Jubile O. Omonoji,5.0,Edited a year ago,"I placed my order on Monday but got a Friday delivery date. I am unavailable Fridays hence I called and they gave me an accommodation, offering for me to pickup Thursday. I went and EVERYTHING was ready. A true professional service (huge respects to the brother in charge of handling catering orders….he was very professional and calm). Tho in fairness, ALL the staffs were very good. I appreciate the service and including the packaging. You guys clearly know your job and you do it well. Huge respects, love and appreciation to you guys, I am your happy customer  I normally buy in bulk here and always get great service and products. Today, I went and Mr. I Adetomiwa attended to me and he is the best person you’ll ever meet. His personality, service, maturity…..perfection all round. I always enjoy interacting with the staffs but this young man, so special. I told him that I will do this review because of him and will mention his name; he earned it! I am most grateful for all you guys there and the service, everything! GodBlessYou!!","Good morning sir/Ma, 
     Thank you so much for this amazing feedback, we appreciate you so much. At Wazobia, our primary goal is customer satisfaction so to receive this feedback gladdens our heart. 
    We will definitely appreciate Mr. Adetomiwa, He is an amazing member of the family, and we will ensure he gets his flowers. 
  Thank you.",0,False
ChdDSUhNMG9nS0VJQ0FnTURRbDZQZXpBRRAB,gmary alex,5.0,Edited a year ago,Great experience as always,"Good Morning Ms. Gmary

Thank you so much for the wonderful 5-star review! We're thrilled to hear that you had such a great experience at Wazobia. Your kind review means a lot to us, and we're so happy you enjoyed your time here. We can’t wait to welcome you back again soon.

Thank you",0,False
Ci9DQUlRQUNvZENodHljRjlvT210VWVuSmtNVU5sVnpGcVlYRXlVRmczWm1KVU0wRRAB,Suliat Olusanya,4.0,a year ago,"The food at the restaurant is great, but the wait for catering or just buying food is much longer than you would expect. The grocery part is pretty good. The food is fresh and reasonably priced. They keep it clean and stocked.","Good evening Mr./Ms. Suliat, 
    Thank you so much for taking the time to share your thoughts, patronage, and for the kind words about our food, grocery selection, freshness, pricing, and cleanliness. We’re delighted you enjoyed majority of your visit. 
   We are truly sorry, that our wait times at the kitchen fell short of your expectations. We understand how frustrating that can be. We’re already reviewing our processes and exploring ways to streamline staffing during busy periods to get your food to you more quickly. 
  Thank you so much.",0,False
Ci9DQUlRQUNvZENodHljRjlvT205TWRrOUlUMU0xV0dKZlZuUk5aME5tY1hwaWQwRRAB,Agboola Olomola,5.0,a year ago,,"Good evening Mr. Agboola, 
   Thank you for being a member of our family, we appreciate your support, patronage, and feedback. 
   Thank you. ",0,False
Ci9DQUlRQUNvZENodHljRjlvT2tvNGRsaDRjRXhHWVRkRU4zTkxXUzAwVEZGTlgyYxAB,Nicole Phillips-Asemota,5.0,a year ago,This is the location my husband likes to go as it has more African items from his country. We drive from Rosenberg. The staff has been nice and attentive so far. Thank you all!,"Good evening Ms. Nicole,
   Thanks so much for taking the time to share your experience! We’re thrilled to hear that our selection of African items caters to your husband and knowing that we’re serving your needs means the world to us. It’s also wonderful to know our team’s attentiveness has made a good impression; I’ve shared your kind words with them. Your support and willingness to travel make our day, and we can’t wait to welcome you both back soon for more of the items you love!
  Thank you so much.",0,False
Ci9DQUlRQUNvZENodHljRjlvT25wSmQwcHZaRTEzTVc5RVdtMURSVk5VYzNwMFgxRRAB,Ihuoma Uchenna,5.0,a year ago,Great,"Good morning Ms. Ihuoma, 
    Thank you so much for patronizing and supporting our business. We are truly grateful. 
Thank you.",0,False
Ci9DQUlRQUNvZENodHljRjlvT20xR1MzUjZMV1JZVURaQ1EyaElSV1pzWlRKU2IwRRAB,chinedu Ned,5.0,a year ago,,"Good afternoon Mr. Chinedu,
     Thank you for your feedback and support, we truly appreciate it. your patronage and feedback, help grow the business, and we are grateful.
  Thank you.",0,False
ChdDSUhNMG9nS0VMRzN4Y25tcWNMQWtnRRAB,Desmond Arusiuka,5.0,a year ago,,"Good morning Mr., Desmond, 
    Thank you for supporting our business and giving us a 5-star rating, we are grateful. We aim to continue to maintain the best customer service, good quality products and best price. 
Thank you.",0,False
ChZDSUhNMG9nS0VQdVk1WjY5eUlQVU1nEAE,Obianuju Aniedobe,4.0,a year ago,They have various types of Nigerian foods. You will think you are in Nigeria..,"Good morning Ms. Obianuju,
     Thank you so much for your feedback and support, we are truly grateful. We will love to earn your business and 5 star ratings, please, let us know how we can improve via wazobiamarket@gmail.com. 
  We appreciate your membership, love, and support.
Thank you.",0,False
ChdDSUhNMG9nS0VKTFducUhEMXJTc3pRRRAB,Adeola O,5.0,a year ago,,"Good evening Ms. Adeola,
    Thank you for your continuous patronage and feedback, we are really grateful. One of our major goals is to care for our customers, meet their needs, and ensure excellent customer service is provided to keep customers happy. 
  Thank you for this feedback, we are grateful.",0,False
ChZDSUhNMG9nS0VLcUF2NDIxcjQ2Q0VnEAE,tawakalitu adeniji,5.0,a year ago,,"Good Evening Mr./Ms. Tawakalitu,
   We are really grateful for your feedback and support, we cannot express how grateful we are to have you as a member, and we will continue to cater to your needs every single day. 
  Thank you.",0,False
ChdDSUhNMG9nS0VNQ1dudE9memYtZTlBRRAB,Tunmise Evans Okunola,5.0,a year ago,,"Good afternoon sir,
   Thank you for your patronage and support, we truly appreciate it. 

Kind Regards.",0,False
ChZDSUhNMG9nS0VPZUg0TmZEdS03OVNREAE,Dickson Samuel,3.0,a year ago,"I visited this African store on Memorial Day to buy fish. While they have a great selection of products and quality items overall, I was very disappointed with the service at the fish counter. The man cutting the fish, he was Hispanic was extremely slow. I waited about 15 to 20 minutes, and he was moving at his own pace, not showing any urgency even though customers were waiting. Eventually, I got tired of waiting and decided to leave without making a purchase.  The store really needs to improve their service in that area. Good products are important, but so is good customer service.","Good morning Mr., Dickson,
   Thank you for sharing your experience. We sincerely apologize for the delay and lack of urgency you encountered at our fish counter on Memorial Day. We understand how frustrating it can be to wait, especially when you're eager to make a purchase.

Your feedback is invaluable to us, and we will actively review and work to improve our service in this area. We are committed to providing efficient and attentive service to all our customers.
  Please feel free to contact us directly to discuss any concerns or to provide further feedback via wazobiamarket@gmail.com.
 Thank you for bringing this to our attention.",0,False
ChdDSUhNMG9nS0VLdkg3cDNiM3NuLXRRRRAB,Francis Aghedo,5.0,a year ago,,"Good morning Mr. Francis, 
     Thank you for this support and feedback, we truly appreciate it. You are valuable to us, and we will continue to serve you as Royals. 
   Thank you.",0,False
ChZDSUhNMG9nS0VJTDIzZnVJcklHSkdREAE,funmilayo Toptina,5.0,a year ago,You will get everything you want,"Good morning Ms. Funmilayo, 
     Thank you so much for the feedback and support, we are grateful. 
Thank you. ",0,False
ChdDSUhNMG9nS0VOemdzYWJxcnAyUjdRRRAB,abisoye lawal,4.0,a year ago,,"Good morning Ms., Abisoye, 
     Thank you so much for your support and feedback, we appreciate it. Please, let us know how we can continue to earn your business and 5-stars review. Your support and input mean a lot to us and pushes us to grow. 
 Thank you.",0,False
ChZDSUhNMG9nS0VNYjBzcWJ6dUo3WVdREAE,Chu Meh Chu,5.0,a year ago,Great shopping experience. Polite staff . I saw the items I wanted in the store,"Good morning Mr. Chu, 
   Thank you super much for your feedback and support, we cannot thank you enough for your business. Our primary goal is to care for our customers and meet their needs, so hearing your feedback means a lot us. 
  Thank you.",0,False
ChdDSUhNMG9nS0VPVE5xWjczbC0yTTZ3RRAB,Yetunde Olayinka,5.0,a year ago,,"Good morning Ms. Yetunde, 
    Thank you so much for your feedback and support, we truly appreciate it. 
  Kind Regards.",0,False
ChdDSUhNMG9nS0VJNzN0dV9meXJUTHB3RRAB,Will Izife,5.0,a year ago,Great selection. Great prices,"Good afternoon Mr./Ms. Will,
   Thank you so much for your patronage and support, we truly appreciate it.

kind regards.",0,False
ChdDSUhNMG9nS0VLN08tcXFoNnMyQ3d3RRAB,Bukky Sonowo,4.0,a year ago,,"Good afternoon Ms. Bukky,
     Thank you so much for your consistent support and feedback, we are grateful. Please, let us know how we can improve our services to earn your business and 5-star ratings. 
   Thank you.",0,False
ChZDSUhNMG9nS0VKUHY0SUNZdDZPcE1nEAE,Olufemi Aluko,5.0,a year ago,,"Good morning Mr. Olufemi, 
     Thank you so much for patronizing and supporting our business, we truly appreciate you. We will continue to ensure we live up to expectations and surpass them as well. 
  Thank you.",0,False
ChZDSUhNMG9nS0VOMmRqSkdLZ3F2MVJ3EAE,Jessica A Garcia,5.0,a year ago,Great place 24 hrs. So u can go anytime day or night. There clean. I love it,"Good morning Ms. Jessica, 
    Thank you so much for patronizing and leaving us a great review, we are really grateful. Just to note that our store closes at 11pm but we ensure we cater to all our customers. 
  We love you and can't wait to care for you anytime you visit us at the stores or online. 
   Thank you.",0,False
ChZDSUhNMG9nS0VOMk54ckRaekl5d0pREAE,Tim T,5.0,a year ago,,"Good Afternoon Mr. Tim, 
   Thank you for patronizing and supporting our business. Your feedback and patronage mean a lot to us. 
  Thank you.",0,False
ChZDSUhNMG9nS0VNLUF0ZldEeWRuX2VnEAE,Joyce Popoola,5.0,a year ago,,"Good afternoon Ms. Joyce,
   Thank you for patronizing and supporting our business. we cannot thank you enough. 
  Warm Regards.
    ",0,False
ChZDSUhNMG9nS0VOVzRrdldhMG82WVh3EAE,apple gaines,5.0,a year ago,"Love their hot design stew, red stew and rice. Beans are good also","Good morning Mr./Ms. Apple,
   Thank you so much for the patronizing and supporting Wazobia, your support and feedback means the world to us. 
  Kind Regards.",0,False
ChZDSUhNMG9nS0VJQ0FnTUNZc3VPVFBBEAE,peter maduike,5.0,a year ago,,"Good afternoon Mr. Peter, 
   Thank you so much for your patronage and feedback, we appreciate you so much. 
  Kind Regards,
Paula Ohazurike ",0,False
ChZDSUhNMG9nS0VJQ0FnTUNZd0wydWV3EAE,Henrietta Dotse,4.0,a year ago,,"Hi Henrietta, 
    Thank you for patronizing Wazobia and leaving the feedback, we sincerely appreciate you. Please, if you can let us know how we can improve our service, we will be more grateful. 
  Feel free to contact us via email, wazobiamarket@gmail.com. 
Thank you.",0,False
ChdDSUhNMG9nS0VJQ0FnTUNveGFieG93RRAB,Isi Young,5.0,a year ago,Good,"Good morning Mr./Ms. Isi,
   Thank you for patronizing Wazobia and providing us with this feedback. 
  Kind Regards.",0,False
ChZDSUhNMG9nS0VJQ0FnTURJMDhYcGZREAE,Osinachi Okafor,5.0,a year ago,Lovely,"Good Afternoon Ms. Osinachi

Thank you so much for the kind words! We're thrilled to hear you had a lovely experience. We hope to welcome you back again soon!",0,False
ChZDSUhNMG9nS0VJQ0FnTURJazlfdWN3EAE,OSAJIELE OBOITE,5.0,a year ago,,"Good Afternoon Mr. Osajiele,

Thank you so much for the wonderful 5-star review! We're thrilled to hear that you had such a great experience at Wazobia. Your kind review means a lot to us, and we're so happy you enjoyed your time here. We can’t wait to welcome you back again soon.
",0,False
ChZDSUhNMG9nS0VJQ0FnTURJbFpURkZREAE,Stephen Musa,4.0,a year ago,"Confusing, not well organized and a little high price compared to farmer's market","Good Afternoon Stephen,

Thank you for taking the time to leave a review. We’re sorry to hear that your visit wasn’t as smooth as expected. We're actively working on making our store layout more intuitive and improving the overall experience. While our prices may sometimes differ from farmer’s markets due to sourcing and service standards, we aim to offer great quality and value. We appreciate your feedback and hope to welcome you back for a better experience soon!",0,False
ChZDSUhNMG9nS0VJQ0FnTURJM01EcUp3EAE,Yommie's Vlog,5.0,a year ago,,"Good Morning Mr. Yommie,

Thank you so much for the wonderful 5-star review! We're thrilled to hear that you had such a great experience at Wazobia. Your kind review means a lot to us, and we're so happy you enjoyed your time here. We can’t wait to welcome you back again soon.
",0,False
ChdDSUhNMG9nS0VJQ0FnTURJN09TZ2xRRRAB,Udoka Jane,5.0,a year ago,,"Good Morning Ms. Udoka

Thank you so much for the wonderful 5-star review! We're thrilled to hear that you had such a great experience at Wazobia. Your kind review means a lot to us, and we're so happy you enjoyed your time here. We can’t wait to welcome you back again soon.
",0,False
ChdDSUhNMG9nS0VJQ0FnTURJMlBhQWhnRRAB,Enahoro ohda,5.0,a year ago,,"Good Morning Ms. Enahoro,

We truly appreciate your support and are so glad to hear you had a great experience with us. It means a lot to our team—looking forward to seeing you again soon!",0,False
ChZDSUhNMG9nS0VJQ0FnTUNJejk2dVZREAE,Yvonne Rolandson,5.0,a year ago,"Good place to shop African food, especially Nigerian.","Good Morning,

We’re glad to hear you enjoyed shopping with us and found what you needed for your Nigerian and African cuisine. We truly appreciate your support and look forward to welcoming you back again soon!",0,False
ChdDSUhNMG9nS0VJQ0FnTUNJbmE2NGpRRRAB,Aisha Obiagwu,4.0,a year ago,,"Good Morning Ms. Aisha,

We truly appreciate your support and are glad you had a positive experience with us. If there’s anything we can do to make it a 5-star experience next time, we’d love to hear your feedback! Looking forward to serving you again soon",0,False
ChZDSUhNMG9nS0VJQ0FnTUNJc29LYklnEAE,OllayB,4.0,a year ago,,"Good Morning 

Thank you for your 4-star review! We're glad to hear you had a positive experience. If there’s anything we can do to make it a full 5-star visit next time, we’d love to know. Your feedback helps us improve, and we look forward to serving you again soon.

Thank you",0,False
ChdDSUhNMG9nS0VJQ0FnTUNJLU91NmtnRRAB,Esther O Olanipekun,5.0,a year ago,,"Good Morning Ms. Esther

Thank you so much for the wonderful 5-star review! We're thrilled to hear that you had such a great experience at Wazobia. Your kind review means a lot to us, and we're so happy you enjoyed your time here. We can’t wait to welcome you back again soon.",0,False
ChZDSUhNMG9nS0VJQ0FnTUR3N3VPT2ZnEAE,ababio,4.0,a year ago,,"Good Morning Mr. Ababio,

Thank you for your 4-star review! We're glad to hear you had a positive experience. If there’s anything we can do to make it a full 5-star visit next time, we’d love to know. Your feedback helps us improve, and we look forward to serving you again soon.

Thank you",0,False
ChdDSUhNMG9nS0VJQ0FnTUN3dVlxZ3ZBRRAB,Olufemi Ogundehin,4.0,a year ago,,"Good Morning Mr. Olufemi,

Thank you for your 4-star review! We're glad to hear you had a positive experience. If there’s anything we can do to make it a full 5-star visit next time, we’d love to know. Your feedback helps us improve, and we look forward to serving you again soon.

Thank you",0,False
ChZDSUhNMG9nS0VJQ0FnTUN3aHZQd2VREAE,R N,5.0,a year ago,,"Good Morning R N

Thank you so much for the wonderful 5-star review! We're thrilled to hear that you had such a great experience at Wazobia. Your kind review means a lot to us, and we're so happy you enjoyed your time here. We can’t wait to welcome you back again soon.",0,False
ChZDSUhNMG9nS0VJQ0FnTUN3Z3NPZkV3EAE,Ozi Anyim,4.0,a year ago,Great place to shop. Highlights are the fresh baked and prepared meals. Try the Chicken Pie and Puff Puff.,"Good Morning Ms. Ozi

Thank you for your kind words and for choosing Wazobia! We're thrilled to hear that you enjoyed our fresh baked goods and prepared meals. The Chicken Pie and Puff Puff are definitely customer favorites! 😊

We truly appreciate your support and look forward to serving you again soon. Let us know if there's anything else you'd love to see on our menu!
",0,False
ChdDSUhNMG9nS0VJQ0FnSURmMGJlQzBRRRAB,Yaw Asamoah,5.0,Edited a year ago,Usually less busy on Sundays.,"Good Morning Mr. Yaw,

Thank you for leaving us a positive review. We are glad you had a beautiful experience. Wazobia is committed to ensuring all of our customers are satisfied at all times. Your patronage is appreciated.

Thank you",0,False
ChdDSUhNMG9nS0VJQ0FnTURRZ2NlVTZRRRAB,Oladimeji Olawuyi,4.0,a year ago,,"Good Morning Mr. Oladimeji,

Thank you for your 4-star review! We're glad to hear you had a positive experience. If there’s anything we can do to make it a full 5-star visit next time, we’d love to know. Your feedback helps us improve, and we look forward to serving you again soon.

Thank you",0,False
ChdDSUhNMG9nS0VJQ0FnTURnNzViWThnRRAB,Jubril Folami,4.0,a year ago,,"Good Morning Mr. Jubril

Thank you so much for the wonderful 5-star review! We're thrilled to hear that you had such a great experience at Wazobia. Your kind review means a lot to us, and we're so happy you enjoyed your time here. We can’t wait to welcome you back again soon.

Thank you",0,False
ChdDSUhNMG9nS0VJQ0FnTURncFlMVnpRRRAB,Abeke “Courageous Vickie” Akinyinka,5.0,a year ago,Great customer service,"Good Afternoon Ms. Abeke

Thank you so much for your kind words! We’re thrilled to hear that you had a positive experience with our customer service team. We always strive to provide the best service possible, and your feedback means a lot to us. We look forward to serving you again soon

Thank you ",0,False
ChdDSUhNMG9nS0VJQ0FnTURnc3BDcHF3RRAB,Kolawole Ogundeji,5.0,a year ago,,"Good Afternoon Mr. Kolawole

Thank you so much for the wonderful 5-star review! We're thrilled to hear that you had such a great experience at Wazobia. Your kind review means a lot to us, and we're so happy you enjoyed your time here. We can’t wait to welcome you back again soon.

Thank you ",0,False
ChZDSUhNMG9nS0VJQ0FnTURndkstdFhnEAE,Lotanna Ohazuruike,5.0,a year ago,,"Good Afternoon Mr. Lotann

Thank you so much for the wonderful 5-star review! We're thrilled to hear that you had such a great experience at Wazobia. Your kind review means a lot to us, and we're so happy you enjoyed your time here. We can’t wait to welcome you back again soon.

Thank you ",0,False
ChdDSUhNMG9nS0VJQ0FnTUNnN2E3bDhBRRAB,Qudus Kolawole,1.0,a year ago,Please reduce the amount of salt and maggi you put in your food especially the jollof beans and your fried fish. As much as we would love to eat our Nigerian food doesn’t mean we should get hypertension. Thanks. Your uncooked produce are great btw.,"Good Morning Mr. Qudus

Thank you so much for your feedback! We truly appreciate you taking the time to share your thoughts. We're sorry to hear that the salt and seasoning in the jollof beans and fried fish weren't to your preference. We’ll definitely look into adjusting the seasoning levels. We're glad to hear that you enjoyed our uncooked produce, and we'll continue to provide the best quality in everything we offer. Thanks again for your input, and we hope to welcome you back soon.

Thank you ",0,False
ChdDSUhNMG9nS0VJQ0FnTUNndHBEWWpBRRAB,Ateh Innocentia,5.0,a year ago,,"Good Morning Ms. Ateh

Thank you so much for the wonderful 5-star review! We're thrilled to hear that you had such a great experience at Wazobia. Your kind review means a lot to us, and we're so happy you enjoyed your time here. We can’t wait to welcome you back again soon.",0,False
ChZDSUhNMG9nS0VJQ0FnTURBNGZ6aVhBEAE,Jerusha Frankfort-Segbe,5.0,a year ago,,"Thank you for leaving us a positive review. We are glad you had a beautiful experience. Wazobia is committed to ensuring all of our customers are satisfied at all times. Your patronage is appreciated.

Thank you",0,False
ChZDSUhNMG9nS0VJQ0FnTURBd3BPeUZ3EAE,Shakirudeen Omoagunbiade,5.0,a year ago,,"Good Morning Ms. Shakirudeen,

Thank you for leaving us a positive review. We are glad you had a beautiful experience. Wazobia is committed to ensuring all of our customers are satisfied at all times. Your patronage is appreciated.

Thank you",0,False
ChZDSUhNMG9nS0VJQ0FnTURBaExqR0tnEAE,Olufunmilayo Adebara,5.0,a year ago,,"Good Morning Ms. Funmilayo,

Thank you for leaving us a positive review. We are glad you had a beautiful experience. Wazobia is committed to ensuring all of our customers are satisfied at all times. Your patronage is appreciated.

Thank you",0,False
ChdDSUhNMG9nS0VJQ0FnTURBLVBxZm9BRRAB,L E,5.0,a year ago,,"Good Afternoon LT,

Thank you for leaving us a positive review. We are glad you had a beautiful experience. Wazobia is committed to ensuring all of our customers are satisfied at all times. Your patronage is appreciated.

Thank you",0,False
ChZDSUhNMG9nS0VJQ0FnTUNBNDdfR2JREAE,E Phillips,5.0,a year ago,,"Good Afternoon Mr. E Phillips,

Thank you for leaving us a positive review. We are glad you had a beautiful experience. Wazobia is committed to ensuring all of our customers are satisfied at all times. Your patronage is appreciated.

Thank you",0,False
ChdDSUhNMG9nS0VJQ0FnTUNBem8tY2x3RRAB,phoebe nache,5.0,a year ago,Emmanuella was so patient and great with her service! I’ll always come back! Thank you. And the food is lit!,"Good Morning Ms. Phebe,
Thank you so much for your kind words! We're thrilled to hear that Emmanuella made such a positive impact on your experience. We can't wait to welcome you back for more delicious food and excellent service. See you soon.",0,False
ChZDSUhNMG9nS0VJQ0FnSUR4eHJTTFFREAE,Babajide Akinsanya,5.0,Edited a year ago,,"Dear Babajide. We value your feedback, thank you for leaving us a 5-star rating.",0,False
ChdDSUhNMG9nS0VJQ0FnTUNBNnFDVDhRRRAB,pauline taylor,1.0,a year ago,Clear as day in my  Uber eats order I paid a additional fee for my selected protein and still got the wrong meat Chew Size Beef (4pcs) ($4.19) Chew Size Shaki (4pcs) ($4.19) In the picture you can see I only go 2 very large tendon a very small piece of beef and no shaki  For the prices you charge you could aleast give the customer what that have requested and paid for .,"Good Morning Ms. Pauline,

Thank you for taking the time to share your feedback, and we sincerely apologize for the oversight in your recent order. We understand your frustration, especially when you’ve paid for additional protein and didn’t receive what you requested. This is certainly not the experience we aim to provide.

We will be addressing this issue with our kitchen team to ensure that orders are being prepared accurately and in accordance with the descriptions and requests made by our customers.

Your satisfaction is extremely important to us, and we would love to make it right. Please feel free to reach out directly to us at wazobiamarket@gmail.com, and we’ll ensure that your next experience with us exceeds your expectations.

We truly value your feedback and hope to serve you better in the future.",0,False
ChZDSUhNMG9nS0VJQ0FnSURfakx1RFZ3EAE,Oseni Sherif,5.0,a year ago,,"Good Morning Mr. Oseni,

Thank you for leaving us a positive review. We are glad you had a beautiful experience. Wazobia is committed to ensuring all of our customers are satisfied at all times. Your patronage is appreciated.

Thank you",0,False
ChdDSUhNMG9nS0VJQ0FnSUNfcDV5SF93RRAB,Adeyinka Adelowo,5.0,a year ago,The server is professional and greeting with smiles.,"Good Morning Mr Adeyinka,

Thank you for your kind words! We're thrilled to hear that our server made a positive impression with their professionalism and friendly demeanor. We look forward to welcoming you back soon.

Thank you ",0,False
ChdDSUhNMG9nS0VJQ0FnSUNfMWZybndBRRAB,Samuel Lanrewaju,3.0,a year ago,,"Good Morning Mr. Samuel,

Thank you for leaving us a positive review. We are glad you had a beautiful experience. Wazobia is committed to ensuring all of our customers are satisfied at all times. Your patronage is appreciated.

Thank you",0,False
ChZDSUhNMG9nS0VJQ0FnSUNfZ2ZQbVZ3EAE,Mikel A,5.0,a year ago,"I had the pleasure of experiencing the exceptional service at Wazobia Kitchen, thanks to Emmanuella, who truly went above and beyond. Her genuine care and professionalism are a huge asset to Wazobia Kitchen, and she made my  visit unforgettable. Highly recommend!","Good Morning Mr. Mikel,

Thank you so much for your kind words and for taking the time to leave such a thoughtful review! We’re thrilled to hear that Ms. Emmanuella made your visit to Wazobia Kitchen truly memorable. We are incredibly lucky to have her as part of our team, and we’ll be sure to pass along your compliments to her. Your recommendation means a lot to us, and we can’t wait to welcome you back soon!

Best regards,",0,False
ChdDSUhNMG9nS0VJQ0FnSUNfcHMyQ3VRRRAB,Etkins Paris,1.0,a year ago,"This program introduced to your customers which you requested that they sign up with their phone number is a rip off. When they sign up for this explain to them the terms and conditions that comes with it. Don’t encourage them to get into it and then come up with information you can only get it when you do this or when you come back to shop, it is a rip off. It’s a savings to use on purchases, let them be able to use it when they want and it should be in your system for when they are ready to use it not when you want them to. Your new staffs need orientation. I requested for help today and I was redirected to be helped by someone else who never walked up to me to help but decided to flash a smile as I was walking out of your store. Wazobia, we know you to be the best, please stay and be the best. Don’t reduce your worth!!!","Good Afternoon,

Thank you for taking the time to share your feedback. We sincerely apologize for the experience you had with our program and service. We understand your concerns regarding the sign-up process, terms, and conditions, and we will review how we communicate these details to our customers to ensure transparency and a smoother experience in the future.

Regarding your recent visit, we deeply regret that you were not assisted in a timely manner. Your feedback is crucial, and we’ll be addressing this with our team to make sure our staff is properly trained and consistently offers the level of service that our customers expect.
",0,False
ChZDSUhNMG9nS0VJQ0FnSUNfeXNpbUhnEAE,Babatunde Onawole,5.0,a year ago,"This store has definitely grown over the last 2 years with very well mannered and helpful staff. Now you can get almost anything Africans in particular , Nigerian groceries and well organized.","Good Morning Mr. Babatunde,

Thank you for leaving us a positive review. We are glad you had a beautiful experience. Wazobia is committed to ensuring all of our customers are satisfied at all times. Your patronage is appreciated.

Thank you",0,False
ChZDSUhNMG9nS0VJQ0FnSUNfaEwtdmR3EAE,Omega Fire Ministries Houston,5.0,a year ago,"Prince is so nice, very good customer service & great food 😋","Good Morning,

Thank you for leaving us a positive review. We are glad you had a beautiful experience. Wazobia is committed to ensuring all of our customers are satisfied at all times. Your patronage is appreciated.

Thank you",0,False
ChZDSUhNMG9nS0VJQ0FnSUNfa0xUbVBnEAE,Yemi Ojo,5.0,a year ago,Professional team.  Great prices.,"Good morning Mr. Yemi,
We are delighted you had a good experience at one of our stores. Our goal here at WAZOBIA is to serve you and provide you with great service. Thank you for your patronage, and we look forward to serving you and continuing to make you feel good.",0,False
ChdDSUhNMG9nS0VJQ0FnSUNfd0syWXNnRRAB,Jose Galindo,4.0,a year ago,,"Good Morning Mr. Jose,

Thank you for leaving us a positive review. We are glad you had a beautiful experience. Wazobia is committed to ensuring all of our customers are satisfied at all times. Your patronage is appreciated.

Thank you",0,False
ChZDSUhNMG9nS0VJQ0FnSURmMTlQd0dREAE,T. Bablo,1.0,a year ago,"I spent $109.29 today 01/10/25 on Uber Eats with Wazobia I ordered 2 Ogbono Soups, 1 Egusi Soup and 1 Efo Riro when I received my order only one of my Ogbono Soups was in the bag which is very bad for all of the money I spent now I have to wait for Uber Eats to refund my money if the place was out of Ogbono Soup they should have reached out instead of taking my money and not giving me all of my food !!!!!","Good Morning Mr. T. Bablo,

We are sorry to hear about your experience at our restaurant. At Wazobia , we cook all our meals fresh, and we strive to maintain consistency and provide the best to all our customers at every location.
We would like to resolve this issue immediately. Please email us at wazobiamarket@gmail.com or better yet, provide us with your phone number, so we can connect with you and resolve this issue promptly.
Thank you so much for your continued patronage and feedback.
Thank you.",0,False
ChZDSUhNMG9nS0VJQ0FnSURmeTdxNU5nEAE,wamb h,5.0,a year ago,,"Good Morning Mr. Wamb,

Thank you for leaving us a positive review. We are glad you had a beautiful experience. Wazobia is committed to ensuring all of our customers are satisfied at all times. Your patronage is appreciated.

Thank you",0,False
ChZDSUhNMG9nS0VJQ0FnSURmdFpUa0hBEAE,Obinna Kanu,4.0,a year ago,,"Good Morning Mr. Obinna,

Thank you for leaving us a positive review. We are glad you had a beautiful experience. Wazobia is committed to ensuring all of our customers are satisfied at all times. Your patronage is appreciated.

Thank you",0,False
ChZDSUhNMG9nS0VJQ0FnSURmeWJHeUhREAE,Japhet Ozuem,5.0,a year ago,,"Good Morning Mr. Japhet,

Thank you for leaving us a positive review. We are glad you had a beautiful experience. Wazobia is committed to ensuring all of our customers are satisfied at all times. Your patronage is appreciated.

Thank you",0,False
ChdDSUhNMG9nS0VJQ0FnSURmeXYtX3R3RRAB,Endy N.,5.0,a year ago,Excellent traditional food.  Good service and  a clean environment!,"Good morning Mr. Endy,
We are delighted you had a good experience at one of our stores. Our goal here at WAZOBIA is to serve you and provide you with great service. Thank you for your patronage, and we look forward to serving you and continuing to make you feel good.",0,False
ChZDSUhNMG9nS0VJQ0FnSURmd3JyU1hnEAE,M.D. Anozie,1.0,a year ago,"If I could give zero stars I would! ALL of my food is cold; and the fact that I paid EXTRA for Turkey and Goat because I didn’t want pork or tripe, I’m soooo mad!  I had to pay a la cart because the “assorted meat “ had a bunch of stuff I didn’t want and they gave me 2 and 1/2 pieces of meat… and STILL gave me the vegetable soup with the meat I didn’t want is blowing my mind!!! Then as you can see by the little canister I placed for context, that chicken with, instead of turkey!! I also requested fried rice! So disappointed!!  Do better!","Good Morning M.D. Anozie,

We are sorry to hear about your experience at our restaurant. At Wazobia , we cook all our meals fresh, and we strive to maintain consistency and provide the best to all our customers at every location.
We would like to resolve this issue immediately. Please email us at wazobiamarket@gmail.com or better yet, provide us with your phone number, so we can connect with you and resolve this issue promptly.
Thank you so much for your continued patronage and feedback.
Thank you.",2,False
ChZDSUhNMG9nS0VJQ0FnSUNmN2FHWFBBEAE,patricia sides,1.0,a year ago,,"Good Morning Ms. Patricia,

We are sorry to hear about your experience at our restaurant. At Wazobia , we cook all our meals fresh, and we strive to maintain consistency and provide the best to all our customers at every location.
We would like to resolve this issue immediately. Please email us at wazobiamarket@gmail.com or better yet, provide us with your phone number, so we can connect with you and resolve this issue promptly.
Thank you so much for your continued patronage and feedback.
Thank you.",0,False
ChdDSUhNMG9nS0VJQ0FnSUNVMUpicC1BRRAB,Chioma Umeizudike,5.0,Edited a year ago,Wazobia market never disappoints.,"We are so grateful for such an amazing feedback.  It is humbling to know that you notice our effort in ensuring we provide delicious meals ,authentic products ,neat environment and excellent service to you. Thank you for choosing us.",1,False
ChZDSUhNMG9nS0VJQ0FnSUNmZ01Ec0ZnEAE,Air force one,5.0,a year ago,,"Good Morning Air force one,

Thank you for leaving us a positive review. Wazobia is committed to ensuring customer satisfaction is guaranteed at all times.

Thank you",0,False
ChdDSUhNMG9nS0VJQ0FnSUR2czltazRBRRAB,Grace Makundi,5.0,a year ago,Receipt 1001-426890 Cashier Stella very kind and professional 5 star for her customer service,"Good Morning Ms. Grace,

Thank you for leaving us a positive review. We are glad you had a beautiful experience. Wazobia is committed to ensuring all of our customers are satisfied at all times. Your patronage is appreciated.

Thank you
",0,False
ChdDSUhNMG9nS0VJQ0FnSUR2cFltbHFBRRAB,Adesoji Odumosu,5.0,a year ago,Really good and tasty meals. Variety of meals to choose from. Toilet is clean enough and staff are level headed,"Good Morning Adesoji,

Thank you for leaving us a positive review. We are glad you had a beautiful experience. Wazobia is committed to ensuring all of our customers are satisfied at all times. Your patronage is appreciated.

Thank you",0,False
ChdDSUhNMG9nS0VJQ0FnSUR2dHUyNnRnRRAB,Davidson Alomor,4.0,a year ago,Best Africa store of them all,"Good Morning Davidson,

Thank you for leaving us a positive review. We are glad you had a beautiful experience, Wazobia is committed to ensuring all of our customers are satisfied at all times. Your patronage is appreciated.

Thank you",0,False
ChdDSUhNMG9nS0VJQ0FnSUR2dHUyNnRnRRAB,Davidson Alomor,4.0,a year ago,Best Africa store of them all,"Good Morning Davidson,

Thank you for leaving us a positive review. We are glad you had a beautiful experience, Wazobia is committed to ensuring all of our customers are satisfied at all times. Your patronage is appreciated.

Thank you",0,False
ChZDSUhNMG9nS0VJQ0FnSUN2MjRDVUlREAE,Reginald Bassey,4.0,a year ago,,"Good Morning Mr. Reginald,

Thank you for leaving us a positive review. Wazobia is committed to ensuring customer satisfaction is guaranteed at all times.

Thank you",0,False
ChdDSUhNMG9nS0VJQ0FnSUN2bFlQNDFBRRAB,Lucy Agbo,5.0,a year ago,,"Good Morning Ms. Lucy

Thank you for leaving us a positive review. We are glad you had a beautiful experience. Wazobia is committed to ensuring all of our customers are satisfied at all times. Your patronage is appreciated.

Thank you",0,False
ChZDSUhNMG9nS0VJQ0FnSUNQM3JMSExBEAE,Tommy,5.0,Edited a year ago,"The first time I ever had Wazobia, I wasn’t sure what to expect. I place an order for a large pan of jollof rice. I want to say first the large pan of jollof rice was filled up to the top they did not skimp on the amount of rice they provided which I felt was worth the amount they charged. I also asked for minimal oil & very spicy as it was for my staff potluck and I want to say that they got it down to a pack. When serving it in the bottom of the pan was little to no oil. Thank you Wazobia & the customer service was very good!","Good Morning Tommy

Thank you for leaving us a positive review. We are glad you had a beautiful experience, Wazobia is committed to ensuring all of our customers are satisfied at all times. Your patronage is appreciated.

Thank you",0,False
ChZDSUhNMG9nS0VJQ0FnSUN2eFpiTklBEAE,Leodannis Garces Llopiz,4.0,a year ago,,"Good Morning Mr. Leodannis

Thank you for leaving us a positive review. We are glad you had a beautiful experience, Wazobia is committed to ensuring all of our customers are satisfied at all times. Your patronage is appreciated.

Thank you",0,False
ChZDSUhNMG9nS0VJQ0FnSUN2MmNTalRBEAE,Charles Opeke,5.0,a year ago,They got everything,"Good Morning Mr. Charles,

Thank you for leaving us a positive review. Wazobia is committed to ensuring customer satisfaction is guaranteed at all times.

Thank you.",0,False
ChdDSUhNMG9nS0VJQ0FnSUN2em9YSW5RRRAB,Emebi Godspower,5.0,a year ago,Ella was exceptional,"Good Morning Mr. Emebi,

Thank you for leaving us a positive review. Wazobia is committed to ensuring customer satisfaction is guaranteed at all times.

Thank you.",0,False
ChZDSUhNMG9nS0VJQ0FnSUN2anJUd2NnEAE,AI NEIGHBORHOOD INC,5.0,a year ago,"It was a wonderful service from one of the staff called Ella, i will definitely return back","Good Morning AI NEIGHBORHOOD INC,

Thank you for leaving us a positive review. We are glad you had a beautiful experience, Wazobia is committed to ensuring all of our customers are satisfied at all times. Your patronage is appreciated.

Thank you",0,False
ChdDSUhNMG9nS0VJQ0FnSUN2OHRqajZBRRAB,Kemz Kemijay,5.0,a year ago,,"Good Morning Ms. Kemz,

Thank you for leaving us a positive review. We are glad you had a beautiful experience. Wazobia is committed to ensuring all of our customers are satisfied at all times. Your patronage is appreciated.

Thank you",0,False
ChdDSUhNMG9nS0VJQ0FnSUNSXy16dzBBRRAB,B Cuz,5.0,Edited a year ago,Updating my review. I wnjoy coming here because of the customer service. But the meat area employees are so rude! Twice now I've been disrespected by them as if I'm bothering them and asked them to come in on their day off.,Dear B Cuz! We are grateful for your 5-star review. Thanks for sharing your rating with us and the community.,0,False
ChdDSUhNMG9nS0VJQ0FnSUN2OUszOW5RRRAB,Kelani Semiu,5.0,a year ago,Stella and Ella are great asset to the organization. I appreciate them for wonderful services given me today. Thank you,"Good Morning Ms. Kelani,

Thank you for leaving us a positive review. We are glad you had a beautiful experience, Wazobia is committed to ensuring all of our customers are satisfied at all times. Your patronage is appreciated.

Thank you",0,False
ChdDSUhNMG9nS0VJQ0FnSUN2LUxYTnVnRRAB,Cristina Romero,5.0,a year ago,,"Good Morning Ms. Cristina,

Thank you for leaving us a positive review. We are glad you had a beautiful experience, Wazobia is committed to ensuring all of our customers are satisfied at all times. Your patronage is appreciated.

Thank you",0,False
ChdDSUhNMG9nS0VJQ0FnSUN2b1ByOG5RRRAB,Ayisha Ochieng,5.0,a year ago,"This place is a hidden gem that I almost don’t want to share with you guys to keep it to myself. This is my 2nd time and the food is fresh and delicious day or night. Portions are plenty and Stella and Ella are very helpful and knowledgeable ladies. I will back again, maybe tomorrow.","Good Morning Ms. Ayisha,

Thank you for leaving us a positive review. Wazobia is committed to ensuring customers satisfaction is guaranteed at all times.

Thank you.",0,False
ChdDSUhNMG9nS0VJQ0FnSUN2Z0k2NGpnRRAB,Metti Metti,5.0,a year ago,"Nice food, good staffs.","Good Morning Mr. Tee,

Thank you for leaving us a positive review. We are glad you had a beautiful experience, Wazobia is committed to ensuring all of our customers are satisfied at all times. Your patronage is appreciated.

Thank you",0,False
ChZDSUhNMG9nS0VJQ0FnSURQemZpUlFnEAE,Chizubere Nwaozuzu,1.0,a year ago,"Careless customers service in the kitchen. Once you visit the kitchen you will never come back with your purchases complete. Reason, they do not pack everything you purchased for you. The young man Oki is careless and has an attitude.","Good Morning Ms. Chizubere,

We are sorry to hear about your experience at our restaurant. At Wazobia , we cook all our meals fresh, and we strive to maintain consistency and provide the best to all our customers at every location.
We would like to resolve this issue immediately. Please email us at wazobiamarket@gmail.com or better yet, provide us with your phone number, so we can connect with you and resolve this issue promptly.
Thank you so much for your continued patronage and feedback.
Thank you.",0,False
ChdDSUhNMG9nS0VJQ0FnSURQdWZYczRBRRAB,Oluwaseyi Momodebe,5.0,a year ago,,"Good Morning Mr. Oluwaseyi,

Thank you for leaving us a positive review. We are glad you had a beautiful experience, Wazobia is committed to ensuring all of our customers are satisfied at all times. Your patronage is appreciated.

Thank you",0,False
ChdDSUhNMG9nS0VJQ0FnSURQMU1yeDV3RRAB,desiree esiere,5.0,a year ago,,"Good Morning Ms. Desiree,

Thank you for leaving us a positive review. We are glad you had a beautiful experience, Wazobia is committed to ensuring all of our customers are satisfied at all times. Your patronage is appreciated.

Thank you",0,False
ChdDSUhNMG9nS0VJQ0FnSURQbU5hdTJRRRAB,Jason Agbor,5.0,a year ago,"The food located at Wazobia is amazing, and the experience is something you could easily get accustomed to. There are three factors I will rate the Westheimer location on, 1) Cleanliness, 2) Taste/Quality, and 3) Atmosphere. *out of ten.  1) Cleanliness - The area is clean, though sometimes there are water spills or flies buzzing around. Overall, they are subsequently clean, so for me they get a 4/10.  2) Taste/Quality - People! I am warning you! If you are on a diet, stay ten feet away from here! Their food is so good, you go chop until your belle burst. Overall, 9.5/10.  3) Atmosphere - Hey, party people! This place is so fun! New people can be met, and new knowledge can be gained! The staff always put on their brightest smile, and if you need someone to talk, they are here for you! Wazobia's crowd engagement is next level, especially with their Family Funfest and others. Overall, 10/10.  At the end of the day, Wazobia is an amazing expedition in our lives to be reckoned with! Wazobia Market's (Westheimer) final score will be 23.5/10. They are so good, they broke the scale. Kudos to you, Wazobia!😊","Good Morning Mr. Jason,

Thank you for leaving us a positive review. We are glad you had a beautiful experience, Wazobia is committed to ensuring all of our customers are satisfied at all times. Your patronage is appreciated.

Thank you",0,False
ChdDSUhNMG9nS0VJQ0FnSUNQODVydjNBRRAB,Freda A. Koomson,5.0,a year ago,Love it ❣️,"Good Morning Ms. Freda,

Thank you for leaving us a positive review. We are glad you had a beautiful experience, Wazobia is committed to ensuring all of our customers are satisfied at all times. Your patronage is appreciated.

Thank you
",0,False
ChdDSUhNMG9nS0VJQ0FnSUNQcHRHVHlnRRAB,Jeffrey Randal,1.0,a year ago,Completely as disrespectful as expected.  I have been exposed to worse but upon entering black man I want to pray for more care by our people. I keep giving black culture a chance but it seems to only want my money over my business.Just grow like the rest of the United States.,"Good Morning Mr. Jeffrey,

I'm sorry to hear about your disappointing experience at our store. We sincerely apologize for the inconveniences the delay in you order must have caused you. we understand your frustration. At Wazobia, we strive to maintain consistency and provide the best to all our customers.

We appreciate your feedback and will take immediate steps to ensure such incidents do not happen again. Your satisfaction is important to us, and we will make sure to do better next time. We hope you can give us another chance to show you the true quality and service we aim to provide. Thank you for bringing this to our attention.",1,False
ChZDSUhNMG9nS0VJQ0FnSUNQeXI3aVNnEAE,Onome Arusiuka,4.0,a year ago,Found all African food produce,"Good Morning Ms. Onome,
We are delighted you had a good experience at one of our stores, our goal here at WAZOBIA is to serve you and provide you with great service. Thank you for your patronage, and we look forward to serving you and continuing to make you feel good.",0,False
ChZDSUhNMG9nS0VJQ0FnSUQzOTh5ZVVREAE,Favour Ibekwe,5.0,a year ago,,"Good Morning Ms. Favour,

Thank you for leaving us a positive review. We are glad you had a beautiful experience, Wazobia is committed to ensuring all of our customers are satisfied at all times. Your patronage is appreciated.

Thank you",0,False
ChdDSUhNMG9nS0VJQ0FnSUQzeG9fUXVBRRAB,Adaobi Obi,4.0,a year ago,,"Good Morning Ms. Adaobi,

Thank you for leaving us a positive review. We are glad you had a beautiful experience, Wazobia is committed to ensuring all of our customers are satisfied at all times. Your patronage is appreciated.

Thank you
",0,False
ChZDSUhNMG9nS0VJQ0FnSUQzeXBqakxREAE,Queren KOUADIO,5.0,a year ago,,"Good Morning Queren

Thank you for leaving us a positive review. We are glad you had a beautiful experience, Wazobia is committed to ensuring all of our customers are satisfied at all times. Your patronage is appreciated.

Thank you",0,False
ChdDSUhNMG9nS0VJQ0FnSUMzdjczRG1RRRAB,Cynthia Zouk Tizi,5.0,a year ago,Top customer service at all point.,"Good Morning Ms. Cynthia,

Thank you for leaving us a positive review. Wazobia is committed to ensuring customers satisfaction is guaranteed at all times.

Thank you.",0,False
ChdDSUhNMG9nS0VJQ0FnSUMzaF9YVDd3RRAB,DAILIANA MARIA TORRES MEDINA,5.0,a year ago,Un lugar demasiado increíble para ser verdad. La cultura africana está bien representada en esta tienda. Muy buena calidad de los productos y el servicio es de máxima excelencia. Recomiendo este lugar sin dudas y volvería aquí sin dudarlo,"Buen día,

Estamos encantados de que haya tenido una buena experiencia en una de nuestras tiendas, nuestro objetivo aquí en WAZOBIA es servirle y brindarle un excelente servicio, gracias por su patrocinio y esperamos servirle y continuar haciéndolo sentir bien.

Gracias",0,False
ChZDSUhNMG9nS0VJQ0FnSUMzdThMVFNREAE,Jacob Brooks,4.0,a year ago,,"Good Afternoon Mr. Jacob,

Thank you for leaving us a positive review. We are glad you had a beautiful experience, Wazobia is committed to ensuring all of our customers are satisfied at all times. Your patronage is appreciated.

Thank you",0,False
ChZDSUhNMG9nS0VJQ0FnSUMzdXBmWEJREAE,Tawakalitu Dabiri-Sunmola,3.0,a year ago,Market Place with lots of good options.,"Good Afternoon Mr. Tawakalitu,

Thank you for leaving us a positive review. We are glad you had a beautiful experience, Wazobia is committed to ensuring all of our customers are satisfied at all times. Your patronage is appreciated.

Thank you",0,False
ChZDSUhNMG9nS0VJQ0FnSURYMG9hbkJ3EAE,Chris Lake,2.0,a year ago,The service is super slow no motivation at all,"Good Afternoon Mr. Chris,
I'm sorry to hear about your disappointing experience at our Store. We sincerely apologize for the inconveniences the delay in you order must have caused you. we understand your frustration. At Wazobia, we strive to maintain consistency and provide the best to all our customers.

We appreciate your feedback and will take immediate steps to ensure such incidents do not happen again. Your satisfaction is important to us, and we will make sure to do better next time. We hope you can give us another chance to show you the true quality and service we aim to provide. Thank you for bringing this to our attention.

Thank you",0,False
ChdDSUhNMG9nS0VJQ0FnSURYcU5xa2tBRRAB,Wynne Ndule,5.0,a year ago,"Clean, neat with goods aesthetically stocked & prices visible. Staff are friendly, helpful & professional.","Good Morning Ms. Wynne,

Thank you for leaving us a positive review. Wazobia is committed to ensuring customers satisfaction is guaranteed at all times.

Thank you.",0,False
ChZDSUhNMG9nS0VJQ0FnSURYb0kzNVBnEAE,Angela Wilson,5.0,a year ago,,"Good Morning Ms. Angela,
We are delighted you had a good experience at one of our stores, our goal here at WAZOBIA is to serve you and provide you with great service, thank you for your patronage and we look forward to serving you and continue making you feel good.",0,False
ChZDSUhNMG9nS0VJQ0FnSUNYbF9PY0hnEAE,Segun Adelanke,5.0,a year ago,,"Good Morning Mr. Segun,
We are delighted you had a good experience at one of our stores, our goal here at WAZOBIA is to serve you and provide you with great service, thank you for your patronage and we look forward to serving you and continue making you feel good.
",0,False
ChdDSUhNMG9nS0VJQ0FnSUNYMWJtUzd3RRAB,Chris Money,5.0,a year ago,Ms Yolanda was phenomenal and very courteous. Just made my evening. She deserves a raise and her attitude was outstanding!,"Good Morning Mr. Chris,

Thank you for leaving us a positive review. Wazobia is committed to ensuring customers satisfaction is guaranteed at all times.

Thank you.",0,False
ChdDSUhNMG9nS0VJQ0FnSUNYc2V6NXNnRRAB,Paul Egwuonwu,5.0,a year ago,"Wazobia, bringing your taste buds home.","Good Morning Mr. Paul,

We are delighted you had a good experience at one of our stores, our goal here at WAZOBIA is to serve you and provide you with great service, thank you for your patronage and we look forward to serving you and continue making you feel good.

Thank you",0,False
ChdDSUhNMG9nS0VJQ0FnSUNDanJIaGxRRRAB,Charleen Ruiz,5.0,Edited a year ago,"Some items are priced to high, but the food tastes good","Dear Charleen,
Thank  you for your time and feedback.Which of our products do you think is expensive?
We would like to serve you better.",0,False
ChdDSUhNMG9nS0VJQ0FnSUNYck0yU3pBRRAB,Hope Miller,5.0,a year ago,Good customer service and fresher packaged food,"Good Morning,

We are delighted you had a good experience at one of our stores, our goal here at WAZOBIA is to serve you and provide you with great service, thank you for your patronage and we look forward to serving you and continue making you feel good.

Thank you",0,False
ChdDSUhNMG9nS0VJQ0FnSUNYbUlhQnBBRRAB,Seun Ojumu,1.0,a year ago,"I am highly disappointed with this store, I bought Nestle baby Cerelac and I decided to return it the next day because I bought the wrong one but the store decided not to accept my return. I wanted to switch or get another cerelac , they didn’t accept. I will move to another store that honors exchange and customer’s satisfaction. I am disappointed .","Dear Seun, 

Thank you for your feedback. We understand that purchasing the wrong item can be disappointing. However, we are unable to accept returns or exchanges on baby food products like Cerelac due to health and safety regulations that apply across the retail industry. These regulations are designed to protect the safety and well-being of all consumers, especially infants. We appreciate your understanding and hope you’ll consider shopping with us again in the future.

Thank you.",0,False
ChdDSUhNMG9nS0VJQ0FnSURuNm9EOXpBRRAB,Enoruh Nkongho,5.0,a year ago,Good Africa markets,"Good Evening Mr. Enoruh,

We are delighted you had a good experience at one of our stores, our goal here at WAZOBIA is to serve you and provide you with great service, thank you for your patronage and we look forward to serving you and continue making you feel good.

Thank you",0,False
ChdDSUhNMG9nS0VJQ0FnSURudUpxbHFRRRAB,udeme ekoriko,5.0,a year ago,,"Good Morning Mr. Udeme,

We are delighted you had a good experience at one of our stores, our goal here at WAZOBIA is to serve you and provide you with great service, thank you for your patronage and we look forward to serving you and continue making you feel good.

Thank you",0,False
ChZDSUhNMG9nS0VJQ0FnSUNubzl2ckFREAE,Blessed AI,5.0,a year ago,Always love coming here. Good variety of items in the store and plenty of food options in the restaurant. They have many staff members and their customer service is top notch.,"Good Morning Ms. Blessed,

We are delighted you had a good experience at one of our stores, our goal here at WAZOBIA is to serve you and provide you with great service, thank you for your patronage and we look forward to serving you and continue making you feel good.

Thank you",0,False
ChZDSUhNMG9nS0VJQ0FnSUNuM2QyUkFnEAE,Adefolalu Asubiaro,5.0,a year ago,"I attended the family fun fare 2024. It was great!! Kudos to the host, Mr. Henry Iwu & Ms. Nishola . They did a FANTASTIC job!! 👏🏾👏🏾🤗🌹🌹","Good Morning Ms. Adefolalu,

Thank you for leaving us a positive review. We are glad you had a beautiful experience, Wazobia is committed to ensuring all of our customers are satisfied at all times. Your patronage is appreciated.

Thank you.",0,False
ChdDSUhNMG9nS0VJQ0FnSUNuOHV5WmlnRRAB,Chidimma Maduemesi,5.0,a year ago,"I just saw that they have palm fruit oil with pulp , so happy!!!","Good Morning Ms. Chidimma,

Thank you for leaving us a positive review. We are glad you had a beautiful experience, Wazobia is committed to ensuring all of our customers are satisfied at all times. Your patronage is appreciated.

Thank you.",0,False
ChdDSUhNMG9nS0VJQ0FnSUNuekxMMWpRRRAB,Priscy,1.0,a year ago,"I was at the Westheimer branch the other day, they were pushing who to attend to me to each other at the meat section, after wasting my time, one of them grudgingly accepted to sell to me, kept on speaking in Spanish, after all that the cashier was soooo slow and it was just one person attending to customers. They need to do better with the services, I’m not impressed.","Good Afternoon Ms. Priscy,
I'm sorry to hear about your disappointing experience at our Store. We sincerely apologize for the inconveniences the delay in you order must have caused you. we understand your frustration. At Wazobia, we strive to maintain consistency and provide the best to all our customers.

We appreciate your feedback and will take immediate steps to ensure such incidents do not happen again. Your satisfaction is important to us, and we will make sure to do better next time. We hope you can give us another chance to show you the true quality and service we aim to provide. Thank you for bringing this to our attention.

Thank you",0,False
ChZDSUhNMG9nS0VJQ0FnSUNuLUlMUkhREAE,Betzalel Judah Israel,1.0,a year ago,"Didn't really have stuff I was looking for, that comes from Ghana, or Nigeria, it seemed like it is a Mexican store.","Good Afternoon,

I'm sorry to hear about your disappointing experience at our restaurant. We sincerely apologize for the inconveniences the delay in you order must have caused you. we understand your frustration. At Wazobia, we strive to maintain consistency and provide the best to all our customers.

We appreciate your feedback and will take immediate steps to ensure such incidents do not happen again. Your satisfaction is important to us, and we will make sure to do better next time. We hope you can give us another chance to show you the true quality and service we aim to provide. Thank you for bringing this to our attention.

Thank you ",0,False
ChdDSUhNMG9nS0VJQ0FnSURIbElQZm9BRRAB,Alao Damilola olayemi,5.0,2 years ago,,"Good Morning Mr. Alao,

Thank you for leaving us a positive review. We are glad you had a beautiful experience, Wazobia is committed to ensuring all of our customers are satisfied at all times. Your patronage is appreciated.

Thank you.",0,False
ChZDSUhNMG9nS0VJQ0FnSUNIdjZyaEJREAE,Ingrid Melville,5.0,2 years ago,The food was delicious!!!!,"Good Morning Ms. Ingrid,

Thank you for leaving us a positive review. We are glad you had a beautiful experience, Wazobia is committed to ensuring all of our customers are satisfied at all times. Your patronage is appreciated.

Thank you.",0,False
ChZDSUhNMG9nS0VJQ0FnSUNIc19mcEVBEAE,David Kehinde,5.0,2 years ago,"This store is excellent in its operation and organization. There is hardly anything you need you wouldn't find here. The associates are warm, friendly, and respectful, and the prices are reasonable too.","Good Morning Mr. Olufemi,

We are delighted you had a good experience at one of our stores, our goal here at WAZOBIA is to serve you and provide you with great service, thank you for your patronage and we look forward to serving you and continue making you feel good.

Thank you
",0,False
ChdDSUhNMG9nS0VJQ0FnSUNIN2RHWnpBRRAB,Thomas Akhigbe,5.0,2 years ago,Very good customer service,"Good Morning Mr. Thomas,

Thank you for your patronage and for leaving us a positive review.

Thank you.",0,False
ChdDSUhNMG9nS0VJQ0FnSUNINmFyMG9RRRAB,Ilemobola Adebowale,5.0,2 years ago,,"Good Morning Ms. Ilemobla,

Thank you for leaving us a positive review. We are glad you had a beautiful experience, Wazobia is committed to ensuring all of our customers are satisfied at all times. Your patronage is appreciated.

Thank you.",0,False
ChdDSUhNMG9nS0VJQ0FnSUNIenVLcHlBRRAB,Tolu Dina-Okieimen,5.0,2 years ago,The most memorable was the friendliness of the cashier at the till. The assortment of proteins available on display and for sale was good.  The store was generally clean and well portioned.,"Good Morning Ms. Tolu,

Thank you for leaving us a positive review. Wazobia is committed to ensuring customers satisfaction is guaranteed at all times.

Thank you.",0,False
ChZDSUhNMG9nS0VJQ0FnSUNIdXRYU1B3EAE,Mark Odenore,5.0,2 years ago,Good place to shop. Got so many options,"Good Morning Mr. Mark,

We are delighted you had a good experience at one of our stores, our goal here at WAZOBIA is to serve you and provide you with great service, thank you for your patronage and we look forward to serving you and continue making you feel good.",0,False
ChdDSUhNMG9nS0VJQ0FnSUQ3dzVDNzJnRRAB,Utienyin Pemu,5.0,2 years ago,Love love Wazobia! Amazing business. I patronize them for catering and grocery. Keep up the good work!,"Good Afternoon Ms. Utienyin,

Thank you for leaving us a positive review. We are glad you had a beautiful experience, Wazobia is committed to ensuring all of our customers are satisfied at all times. Your patronage is appreciated.

Thank you.",0,False
ChdDSUhNMG9nS0VJQ0FnSUQ3bGFmSDVnRRAB,Juan Pena,5.0,2 years ago,,"Good Afternoon Ms. Juan,
Thank you for leaving us a positive review. We are glad you had a beautiful experience, Wazobia is committed to ensuring all of our customers are satisfied at all times. Your patronage is appreciated.
Thank you.",0,False
ChZDSUhNMG9nS0VJQ0FnSUQ3MlpteUdREAE,EDDY NWAMAKA,5.0,2 years ago,,"Good Afternoon Mr. Eddy,
Thank you for leaving us a positive review. We are glad you had a beautiful experience, Wazobia is committed to ensuring all of our customers are satisfied at all times. Your patronage is appreciated.
Thank you.",0,False
ChdDSUhNMG9nS0VJQ0FnSUQ3MmRUYTR3RRAB,Oluwatoni Osinaike,1.0,2 years ago,"I would have given them 0 if possible, I went there to get goat meat and on getting back home, I saw that I was given a ridiculous quantity of meat for $35.00. I called and was told to bring it back to the store before anything can be done about it. This is not how things are done and I’m highly disappointed.","Good Afternoon Ms. Oluwatoni,

Please give us your contact information at ""wazobiamarket@gmail.com"" so we can get in touch with you and take care of this issue as soon as possible. We truly apologize for the quantity of the product you were provided and understand your displeasure.

At Wazobia, we work hard to be consistent and give every customer the greatest experience possible at every location. We value your input and will act right away to prevent such occurrences in the future.

Thank you.",0,False
ChZDSUhNMG9nS0VJQ0FnSUQ3eWJUTmJ3EAE,Walter Neyin,4.0,2 years ago,Great as far as authentic Nigerian food items. My only con is not sure of the type of oil used for fried foods. They are delicious,"Good Afternoon Mr. Walter,

We are happy to hear that you had a positive experience at one of our locations. At WAZOBIA, we strive to give you excellent service. We appreciate your patronage and look forward to continuing to make you feel wonderful. 

Thank you



",0,False
ChZDSUhNMG9nS0VJQ0FnSUQ3NklMV2N3EAE,edith nziako,1.0,2 years ago,"Bought banana leaves Goya, got home and open the bag surprised saw mold all over the leaves!","Good Morning Mr./Ms. Edith
 We sincerely apologize for the quality of the product you were served and understand your frustration. .
we would like to resolve this issue and make it up to you, kindly email us your contact information at ""wazobiamarket@gmail.com"" so we connect with you and resolve this issue promptly.

At Wazobia, we strive to maintain consistency and provide the best to all our customers at every location. We appreciate your feedback and will take immediate steps to ensure such incidents do not happen again.
Thank you. ",0,False
ChZDSUhNMG9nS0VJQ0FnSUM3aC0yTkRnEAE,Samuel Ogundiji,5.0,2 years ago,Home away from home. Meet all African needs . Store above and beyond more than 20 stars,"Good morning Mr. Samuel,
We are delighted you had a good experience at one of our stores, our goal here at WAZOBIA is to serve you and provide you with great service, thank you for your patronage and we look forward to serving you and continue making you feel good.",0,False
ChZDSUhNMG9nS0VJQ0FnSUM3bll2N1B3EAE,Benz0,4.0,2 years ago,,"Good Morning Mr. Benz0,
Thank you for your patronage and for leaving us a positive review.
Thank you.",0,False
ChZDSUhNMG9nS0VJQ0FnSUM3NXUtQkFnEAE,Tia Simone,2.0,2 years ago,"I like Wazobia and it’s workers usually but this last visit was unpleasant. I was not going to leave any reviews at all but “Prince” said that if I wanted to “entertain” him I should leave one, so here it is. I’m not sure if Prince was in a bad mood that day but he foolishly assumed that I was flirty with him because I asked him how his day was with a smile after he prepared and bagged my larger than usual order. Prince was not even cute or clean looking to assume my kindness was flirtation 🤢 Prince please humble yourself, I would not be interested in a Wazobia cashier let alone one with a shitty attitude.","Good morning Ms. Tia

We are really sorry to hear about your recent experience. It’s important to us that every visit to Wazobia is pleasant and professional. we do not tolerate unprofessionalism at any level. This issue has been reported and an investigation will commence immediately. 
  Please, can you reach out to us via email ""wazobiamarket@gmail.com"", we would love to speak with you and address this properly.

   Thank you for bringing this to our attention, patronizing Wazobia, and we hope your next visit will be more enjoyable. ",0,False
ChZDSUhNMG9nS0VJQ0FnSUM3cXNIQUl3EAE,Bisi johnson,5.0,2 years ago,,"Good Morning Ms. Bisi,
Thank you for your patronage and for leaving us a positive review.
Thank you.",0,False
ChdDSUhNMG9nS0VJQ0FnSURidl9MU3h3RRAB,olufemi olaniyan,4.0,2 years ago,Nice place,"Good morning Ms. Olufemi,
We are delighted you had a good experience at one of our stores, our goal here at WAZOBIA is to serve you and provide you with great service, thank you for your patronage and we look forward to serving you and continue making you feel good.",0,False
ChZDSUhNMG9nS0VJQ0FnSURibjhlN1l3EAE,Mary Bintan,1.0,2 years ago,"The catering services very terrible, you have appointment for a purpose but when picking up you have to wait more than an hour to get your orders as if they just went to the market to get the ingredients. It is frustrating","Good morning Ms. Jen.

I'm sorry to hear about your disappointing experience at our restaurant. We sincerely apologize for the inconveniences the delay in you order must have caused you. we understand your frustration. At Wazobia, we strive to maintain consistency and provide the best to all our customers. 

We appreciate your feedback and will take immediate steps to ensure such incidents do not happen again. Your satisfaction is important to us, and we will make sure to do better next time. We hope you can give us another chance to show you the true quality and service we aim to provide. Thank you for bringing this to our attention.",0,False
ChZDSUhNMG9nS0VJQ0FnSURiZy1DZlRREAE,olufunmilola akinbami,5.0,2 years ago,,"Good Morning Ms. Olufunmilola,
Thank you for your patronage and for leaving us a positive review.
Thank you.",1,False
ChdDSUhNMG9nS0VJQ0FnSUNiMzduTjdBRRAB,Mac Douplex,4.0,2 years ago,,"Good Morning Mr. Mac,
Thank you for your patronage and for leaving us a positive review.
Thank you.",0,False
ChdDSUhNMG9nS0VJQ0FnSUNidDdmWWdRRRAB,Tabot Bate,5.0,2 years ago,,"Good Morning Ms. Tabot,
Thank you for your patronage and for leaving us a positive review.
Thank you.",0,False
ChZDSUhNMG9nS0VJQ0FnSUNpdTVXakNBEAE,yinka ekundare,5.0,Edited 2 years ago,,Thank you.,0,False
ChZDSUhNMG9nS0VJQ0FnSUNid3ZHNllREAE,Ikenna Ekwem,5.0,2 years ago,,"Good Morning Mr. Ikenna,
Thank you for your patronage and for leaving us a positive review.
Thank you.",0,False
ChZDSUhNMG9nS0VJQ0FnSURydDVMRmNnEAE,Beto Veryeh,5.0,2 years ago,,"Good Morning Beto,
Thank you for your patronage and for leaving us a positive review.
Thank you.
",0,False
ChZDSUhNMG9nS0VJQ0FnSURydGZTN0pnEAE,yomi Cole,4.0,2 years ago,,"Good afternoon Mr. Yomi,
Thank you for leaving us a positive review. We are glad you had a beautiful experience. Your patronage is appreciated.
Thank you.",0,False
ChZDSUhNMG9nS0VJQ0FnSURyMnRlQk9REAE,Oak,5.0,2 years ago,Ada was very friendly and professional . She made the purchase pleasant and has knowledge of her work . A very good person,"Good morning Ms. Oghenevigho,
We are delighted you had a good experience at one of our stores, our goal here at WAZOBIA is to serve you and provide you with great service, thank you for your patronage and we look forward to serving you and continue making you feel good.",0,False
ChdDSUhNMG9nS0VJQ0FnSURybkpPMHNnRRAB,Lamazzon Autos & Logistics,5.0,2 years ago,Great experience,"Good morning Lamazzon autos & logistics,
Thank you for leaving us a positive review. We are glad you had a beautiful experience. Your patronage is appreciated.
Thank you.",0,False
ChZDSUhNMG9nS0VJQ0FnSURyLUkzZGVBEAE,Victor Eugene,5.0,2 years ago,"It started with an online order. I placed the order, and since all the dates for a pick up were 2 weeks away, I left a little note on the feedback box indicating a need to pick up the order the following day by 5:30pm. About an hour later, I got a call from one of their associates confirming the pick-up date and time I chose and, most importantly, asking for my preference regarding what and how I want in the food.","Good afternoon Mr. Kenechi,
Thank you for leaving us a positive review. We are glad you had a beautiful experience, Wazobia is committed to ensuring all of our customers are satisfied at all times. Your patronage is appreciated.
Thank you.",0,False
ChdDSUhNMG9nS0VJQ0FnSUNyOVA3RXpnRRAB,Fatima Egbejuu,5.0,2 years ago,Love wazobia,"Good morning ,
Thank you for leaving us a positive review. We are glad you had a beautiful experience. Your patronage is appreciated.
Thank you.
",0,False
ChdDSUhNMG9nS0VJQ0FnSUNyNkxlT3R3RRAB,Oluwajoba Adegboye,5.0,2 years ago,,"Good morning Mr. Adegboye,
Thank you for your patronage and for leaving us a positive review.
Thank you.",0,False
ChZDSUhNMG9nS0VJQ0FnSURMdTlXaklBEAE,CITY OF GOLD,5.0,2 years ago,Always clean wait in line is always no more than 2 to 5 minutes.,"Good morning City of Gold,
Thank you for leaving us a positive review. We are glad you had a beautiful experience, Wazobia is committed to ensuring all of our customers are satisfied at all times. Your patronage is appreciated.
Thank you.",0,False
ChdDSUhNMG9nS0VJQ0FnSURMdmNYYzRRRRAB,Yeet i said yeet,5.0,2 years ago,,"Hello Yeet,
Thank you for your patronage and for leaving us a positive review.
Thank you.",0,False
ChdDSUhNMG9nS0VJQ0FnSURMNXNIRDJ3RRAB,Eshonna,5.0,2 years ago,Went there with my husband… I had the okra soup 10/10 and he had the jollof rice with fish 10/10… We shared the Egusi soup and decided we will be back again… The okra soup was my absolute favorite… The staff also answered all of my husbands questions and trust me he had a lot of questions… Very patient staff…,"Hello Nia,
Thank you for leaving us a positive review. We are glad you had a beautiful experience. Wazobia is committed to ensuring all of our customers are satisfied at all times.
Thank You for your patronage. ",0,False
ChdDSUhNMG9nS0VJQ0FnSURMcXFQdGl3RRAB,Trena Gillis,5.0,2 years ago,"Had an awesome experience… Mr Prince served me. I’m vegetarian, so he was very kind and respectful of my dietary needs. The food by the way, is addictively amazing! 😋 Do check this place out! Don’t just pass by… seriously stop in for awesome African cuisine, and friendly service!","Good morning Trena,
Thank you for leaving us a positive review. We are glad you had a beautiful experience. Wazobia is committed to ensuring all of our customers are satisfied at all times.
Thank you for your patronage. ",0,False
ChZDSUhNMG9nS0VJQ0FnSURMOUxYOFd3EAE,Amaju Ekunkunbor,4.0,2 years ago,,"Hello Amaju,
Thank you for your patronage and for leaving us a positive review.
Thank you.",0,False
ChdDSUhNMG9nS0VJQ0FnSURMb0pTR21nRRAB,Benedicta Okotete,5.0,2 years ago,Good customer service and strictly no tips,"Good Morning Ms. Benedicta, 
Thank you for leaving us a positive review. We are glad you had a beautiful experience. At our various store locations we currently operate on a ""NO TIP"" policy there, but we do accept tips at our various restaurant locations.
Thank you very much for your patronage, its very much appreciated.
",0,False
ChdDSUhNMG9nS0VJQ0FnSUNMMk9IX21nRRAB,miss,1.0,Edited 2 years ago,"Wasn’t expect the place to be run my Mexicans! I would have preferred more Nigerians or Africans that actually need jobs! Edit: adding to this because of his reply. Go to Asian store all Asians, go to Mexican all Mexicans. It will be a a disservice to buy from where wants to give money to non Nigerians. And tbh the service was bad cos they don’t speak English. Asked one for help he could barely answer. Told one to cut goat meat without bone all the meat had bones. Shame! You need Nigerians that understand Nigerians to work there ! Won’t be back bye !","Good Evening Miss, 
   First, we want to appreciate you for patronizing our business and leaving us a feedback, we do not take it for granted and value your feedback. 
   At Wazobia, we ensure we support our community by providing them good services, products, and authentic & quality African culture. Hence, we cannot discriminate based on sex, color, nationality, orientation, etc. Majority of the staff at Wazobia are Africans and they work across all department. All staff voluntarily applied for a job at Wazobia and were  hired based on competence and each trained rigorously to possess and display the cultural and ethical values embodied by Wazobia and Africa in general. You will agree with me that any visit to any of our stores is a visit to Africa and an awesome customer service treating you as a King and Queen that you are
   Once more, we appreciate your business patronage, support, feedback and love. We hope to serve you more and meet all your desired/required needs
Thank you.",0,False
ChZDSUhNMG9nS0VJQ0FnSUNMczhtelJREAE,Andy Nzeka,5.0,2 years ago,,"Hello Andy,
Thank you for your patronage and for leaving us a positive review.
Thank you.
",0,False
ChdDSUhNMG9nS0VJQ0FnSUNMNWF2dTJRRRAB,Brave ROOTS,5.0,2 years ago,Great fast service. Friendly and comfy vibe. Thanks to Ada. She made sure the services met my expectations,"Good afternoon Brave,
We are delighted you had a good experience at one of our stores, our goal here at WAZOBIA is to serve you and provide you with great service, thank you for your patronage and we look forward to serving you and continue making you feel good.
 Thank you.",0,False
ChZDSUhNMG9nS0VJQ0FnSUNMNk4yV05nEAE,Gerald .Ogumerem,5.0,2 years ago,,"Good afternoon,
Thanks for your review.",0,False
ChdDSUhNMG9nS0VJQ0FnSUR6emRPQzlBRRAB,Nk-O O.,5.0,2 years ago,Very friendly and helpful staff and the store is clean.,"Good morning Ms. Nkechinyere,
We are delighted you had a good experience at one of our stores, our goal here at WAZOBIA is to serve you and provide you with great service, thank you for your patronage and we look forward to serving you and continue making you feel good. ",0,False
ChdDSUhNMG9nS0VJQ0FnSUR6anF6S3BBRRAB,Lookman Lawal,4.0,2 years ago,,"Good afternoon,
Thanks for the review.",0,False
ChZDSUhNMG9nS0VJQ0FnSUR6anJURkdnEAE,Kelechi Onyedebelu,5.0,2 years ago,Best African grocery store in the State,"Good morning Mr. Kelechi,
Thank you for your kind words and patronage.
We go everyday with the mindset of being the best and serving you with amazing products and services everyday and we are happy you noticed.
We look forward to serving you soon.",0,False
ChZDSUhNMG9nS0VJQ0FnSUR6cXZfTFJnEAE,M A,3.0,2 years ago,,"Good afternoon, 
Thanks for the review.",0,False
ChdDSUhNMG9nS0VJQ0FnSUR6NHV1T3B3RRAB,Huong Huynh,5.0,2 years ago,Very thing was very good,"Hello Huong,
Thank you for leaving us a positive review. We are glad you had a beautiful experience. Your patronage is appreciated.
Thank you.",0,False
ChZDSUhNMG9nS0VJQ0FnSUR6ME9YMVh3EAE,Gbenga Elufisan,5.0,2 years ago,"I traveled to Katy Houston, and shopped at Wazobia. I got Nigeria food stuff. I was glad I did, especially for the pap (ogi) I bought and Ijebu garri. Attebdants were very courteous and helpful. One man quickly spoke Yoruba to me, I guessed he figured out I was a Yoruba man, and that felt good. Nice place.","Good morning Mr. Gbenga, our goal is always to make you feel good here at wazobia. thank you for your patronage, we looked forward to making you feel good and at home when next you come in contact with wazobia. Thank you.",0,False
ChZDSUhNMG9nS0VJQ0FnSUM1bk52cFJnEAE,UBS GLOBALSERVE,3.0,Edited 2 years ago,Wazobia Kitchen! The wait for food is artificial. You have an army of ladies who mope at customers. Very slow and lackadaisical. Also just stick to the Hispanics. Those Local hens aren’t happy.,"Good afternoon, 
   We sincerely apologize for the inconvenience; we will work immediately to find solutions to the queue and staff behavior. Please, feel free to connect with us via media or email wazobiamarket@gmail.com so we can work together to obtain solutions. 
  Thank you for your support and patronage. 
Kind Regards. ",1,False
ChZDSUhNMG9nS0VJQ0FnSUN6OXJ5Qll3EAE,Beauty Queens 101,5.0,2 years ago,Love this place. Always have products that i can't find anywhere else plus the pricing is very reasonable.,"Hi Beauty, 
   Thank you so much for your patronage and feedback, we will continue to be at our best. 
Thanks. ",0,False
ChdDSUhNMG9nS0VJQ0FnSUN6aE9HMHh3RRAB,Tosin Samuels,5.0,2 years ago,,"Good day Tosin,
Thank you for your patronage. We are glad you had a good experience. We look forward to serve you again.
Thank you.",0,False
ChdDSUhNMG9nS0VJQ0FnSURUdi1menhnRRAB,"Prime Tyme Is Now, LLC",5.0,2 years ago,,"Good morning,
Thank you for your patronage and for leaving us a positive review. We are glad you had a good experience.
Thank you.",0,False
ChZDSUhNMG9nS0VJQ0FnSURUaDlhVEVnEAE,Papa Benyo,1.0,2 years ago,"I was attended to by a cashier, HADIJA. Firstly, she attended to a staff who was behind me. When I asked why she did that, rather than apologize, she said the staff had to go on his break. How is that my headache!? Secondly, when I asked for points for my transaction, she said it was too late that it was my responsibility to tell her before printing my receipt. She is a little crude, rude & impolite. She needs to be retrained. There is one young Hispanic guy who will tell you of all promotions running and even suggest you join the loyalty promo. This is my 8th year of shopping with you and never had this kind of experience in any of your stores.","Good afternoon, Papa, 
   First, we appreciate you for your feedback and support in growing Wazobia and improving our services to our customers. 
  Wazobia does not condone such behavior as we always aim to serve our customers and get them served promptly. The cashier will be interrogated and coached promptly, to ensure such mistakes do not reoccur. 
    Thank you for your continuous support, feedback, and trust; we are forever grateful. 
 Kind Regards
    ",0,False
ChdDSUhNMG9nS0VJQ0FnSURUeTg3UTJ3RRAB,Hilda Nkepah,5.0,2 years ago,,"Hi Hilda, 
  Thank you for your support and feedback, we are honestly grateful.",0,False
ChdDSUhNMG9nS0VJQ0FnSURUenFQX2h3RRAB,J Ony,1.0,2 years ago,"This place is THE WORST with being on time. You will place an order in advance and still go there and wait another 2 hours. Terrible! No food is worth this wait. Get your processes and structure in place. It’s not worth it at all and I don’t want to hear oh l, it’s Naija business, blah blah. You are running a business and you need to be respectful of people’s time. Continue like this and you’ll have no more customers because ppl will reach their breaking point.","Good afternoon, J, 
   We are sincerely sorry for the inconvenience caused to you, it is never our intention to delay customers and their orders. We have no excuse on why or how your orders was delayed, but we assure you that we will work with the team to find solutions and implement them to prevent such issues in the future. Please, contact us via email wazobiamarket@gmail.com to enable us to review this issue and ensure we apply the appropriate solutions to resolve it permanently. 
  Thank you for your continuous patronage and support, thanks a lot.    ",1,False
ChZDSUhNMG9nS0VJQ0FnSUNUeDhyMGVnEAE,Jadee Kai-Lorie Igbalajobi,5.0,2 years ago,,"Hi Jadee, thank you for taking time to patronize and leave us feedback, we truly appreciate your business and support. Thank you. ",0,False
ChZDSUhNMG9nS0VJQ0FnSUNUMDZtc1dnEAE,Fabián López,5.0,2 years ago,,"Hi Fabian,
Thank you for your patronage and for leaving us a positive review. 
Wazobia is committed to ensuring that all of our customers satisfaction is guaranteed. Thank you.",0,False
ChdDSUhNMG9nS0VJQ0FnSUNUbmUzTDRRRRAB,Ny Gray,5.0,2 years ago,I never do reviews BUT I hope this one helps! I ABSOLUTELY LOVE egusi and okra soup! I ordered both on Monday and it was AMAZING! I ordered again tonight and they were out of okra soup😩 Needless to say the egusi still slapped! I’m SOLD!,"Hi Ny,
Thank you for your patronage and for leaving us a positive review. Wazobia is committed to ensuring that all of our customers satisfaction is guaranteed. Thank you.",0,False
ChZDSUhNMG9nS0VJQ0FnSUNUb1pUdU1BEAE,OYINKANSOLA HONEYB OGUNTUASE,5.0,2 years ago,Fresh and Nigerian food on point,"Hello Oyinkansola, Our customers are our top priority and we are glad you had a lovely experience at our store. Thank you for your patronage and we look forward to your next visit.",0,False
ChdDSUhNMG9nS0VJQ0FnSUNUN0tMMW5BRRAB,Nino Jr,5.0,2 years ago,,"Hi Anthony, thank you so much for your time, business, and feedback. We are sincerely grateful for your support. Thank you.",0,False
ChdDSUhNMG9nS0VJQ0FnSURqOGRmZmtnRRAB,biyebelemo ekpete,5.0,2 years ago,Love it here. My family drives over 30 minutes to come here for fresh foods.,"Hi Biyebelemo, 
   Thank you so much for driving 30 minutes plus to support us, patronizing, giving us feedback, and being a family member, we are grateful. Our goal is to ensure all our customers are well taken care of and treated as Royals that you represent. Thank you so very much.  ",0,False
ChZDSUhNMG9nS0VJQ0FnSURqNFB1Q1N3EAE,Roukayat Olusesi,5.0,2 years ago,Very good customer service.,"Hi Roukayat, thank you so much Roukayat, we are really grateful for all your support and patronage; we will continue to ensure we serve you right at all-time.  Thank you.",0,False
ChZDSUhNMG9nS0VJQ0FnSUNqcjRPNGJnEAE,Bole Boxx,4.0,2 years ago,,"Hi Bole, we really appreciate you for all your support and patronage; we will continue to ensure we serve you right at all-time. Thank you.",0,False
ChdDSUhNMG9nS0VJQ0FnSUNqNTRLNHJ3RRAB,Ayma Thelus,4.0,2 years ago,,"Hi Ayma, thank you Ayma for your support and care towards our business. We appreciate your business and feedback. Thank you.",0,False
ChZDSUhNMG9nS0VJQ0FnSUNqLTU3OE53EAE,lu ose,5.0,2 years ago,I love their fish pie.... it's very organized and clean. The staff are pleasantly sweet and friendly.  The butcher's are great. I love the store!!!!!!,"Good morning, Lu, 
  Thank you so much for taking out time to provide us with your feedback, support, and patronage. We will continue to work to meet and exceed your expectations, we value our customers and their welfare. Thank you.",0,False
ChZDSUhNMG9nS0VJQ0FnSUREeFp5UE1BEAE,Tiana Ruches,5.0,2 years ago,"It’s been a wonderful experience for me at this location. The staff are nice are courteous. I always seem to find whatever I need and when I don’t see them like today, mmesomachi gladly helped out.",Dear Tiana . We are blown away by your positive feedback. It's our pleasure to provide the best possible service to our customers and we are glad we hit the mark for you on your last visit. Thank you ,0,False
ChdDSUhNMG9nS0VJQ0FnSUREaGZMb25RRRAB,Senge Senge,5.0,2 years ago,,"Hello Senge, Thank you for leaving us a 5-star review, we appreciate your patronage. Thank you ",0,False
ChdDSUhNMG9nS0VJQ0FnSUREeHRQaHVBRRAB,Ekoma David,1.0,2 years ago,Food poisoning I found bugs in my food several times. And got sick 🤢,"Hi David, 
   Thank you for your feedback. This is coming as a surprise to us because all meals are made fresh every day, site and resources are kept clean every day (every hour and dedicated cleaners). We also are in strict compliance with the government, FDA, and all regulatory bodies. If it is not much to ask, we would love to have a meeting with you to review the situation. Please, feel free to contact us via email at Wazobiamarket@gmail.com. Thank you. ",0,False
ChZDSUhNMG9nS0VJQ0FnSUREOU1PVGRREAE,Dammy Ade,5.0,2 years ago,Best African store in houston,"Hello Dammy Ade. We value your feedback, thank you for leaving us a 5-star rating.",0,False
ChdDSUhNMG9nS0VJQ0FnSUREaU82Ml9BRRAB,Joyce N,2.0,2 years ago,Jollof rice at the Beechnut location is far better than this one.,"Greetings Joyce, 
   Thank you so much for your feedback, we will look into the quality of our meal at both location and improve on it. Thank you.",0,False
ChZDSUhNMG9nS0VJQ0FnSUREOEstVVZREAE,Chyzzie,5.0,2 years ago,I was served at the checkout point today 04/04/24  by Samuel and I was highly impressed. Been shopping with Wazobia for over 7 years and this is one of my best times / experience here. He was so polite and at the same time professional. Reminded me of the loyalty program which I had forgotten I registered for. Samuel you are the best.,Dear Chyzzie. We are happy to hear that our team provided you with excellent service. We sincerely thank you for taking the time to share your experience with us and the community.,0,False
ChdDSUhNMG9nS0VJQ0FnSUNEOTlxWXVnRRAB,Adesuwa O.,3.0,2 years ago,"Please make the new waakye dish single grain. This is a dish i grew up with, so i know what it looks and tastes like. It is actually rice and beans cooked with sorghum leaves. It isn’t meant to be so soggy. I was at the restaurant yesterday and I could hear people asking what food is that because it was so mushy. I still went ahead to satisfy my cravings. My hard earned $17 gone🤦‍♀️","Dear Adesuwa, Thank you for letting us know about this. Your feedback helps us do better. We are looking into this issue and hope to resolve it promptly and accurately. Thank you ",0,False
ChZDSUhNMG9nS0VJQ0FnSUNEbDhheE5nEAE,Rasheedah Jimoh,5.0,2 years ago,Very great selection of African groceries. They have a raw meat market too,Dear Rasheedah. We are blown away by your positive feedback. It's our pleasure to provide the best possible service to our customers and we are glad we hit the mark for you on your last visit. Thank you ,0,False
ChdDSUhNMG9nS0VJQ0FnSUNEX2Y3RjB3RRAB,Lakisha Sparrow,5.0,2 years ago,,"Hello Lakisha,  Thank you for leaving us a 5-star review, we appreciate your patronage. Looking forward to your next visit.",0,False
ChdDSUhNMG9nS0VJQ0FnSUNEOHZ2cXN3RRAB,Sona Modika,5.0,2 years ago,"This Africa market makes me to feel as if I’m home is a privilege for us in Houston to have it,I got almost all what I like from the store,is amazing 👌🫶","Dear Sona, your satisfaction with our services makes us very thrilled. Thank you, your review is greatly appreciated, and we hope to be of assistance again soon!",0,False
ChZDSUhNMG9nS0VJQ0FnSUNEbk5QSEl3EAE,Michael Lozano,5.0,2 years ago,,"Hello Michael, thank you so much for your feedback! We value your assistance and hope to see you soon.",0,False
ChZDSUhNMG9nS0VJQ0FnSUNEbExiaUl3EAE,franky vincent,5.0,2 years ago,"Nice services, Chibuike was really welcoming😎😎😎😎","Hello Franky, our team enjoys doing what they do because of customers like you. We appreciate your patronage and feedback. Thank you",0,False
ChZDSUhNMG9nS0VJQ0FnSUNENkxLSE1nEAE,Julie Adeniji,5.0,2 years ago,Amazing food,"Dear Julie, Our team enjoys doing what they do because of customers like you. We appreciate your patronage and 5-star rating. Thank you",0,False
ChdDSUhNMG9nS0VJQ0FnSUNENk1Ea2xBRRAB,Kianti Phillips,5.0,2 years ago,"Thank you Wazobia Market!!! 💖  My birthday feast, delivered promptly, was an absolute delight. Each dish was a masterpiece, bursting with flavor and expertly prepared. From start to finish, it was a celebration of culinary excellence. Highly recommended!","Hello Kianti, Thank you for taking the time to leave us a detailed review. It's our pleasure to provide the best possible service to our customers and we are glad this commitment was reflected in your last visit. Thank you very much",0,False
ChdDSUhNMG9nS0VJQ0FnSUQ5ei1QR3FnRRAB,Liz OYe,3.0,2 years ago,They need to improve on the moinmoin. The fish and chicken are not well seasoned for me. Love the fried beef and akara.,"Dear Liz, thank you for leaving us your feedback. We are sorry to hear you were not satisfied with the taste of our moinmoin. Your review has been shared with our chef and we will improve on this. Sincerely, appreciate your patronage and hope to see you again .",0,False
ChdDSUhNMG9nS0VJQ0FnSUQ5LS15S3F3RRAB,Hobo,3.0,2 years ago,,"Hello Jon Smith, We value your feedback, thank you for leaving us 3 stars rating .",0,False
ChdDSUhNMG9nS0VJQ0FnSUQ5a1lySHpRRRAB,Funke Bada,4.0,2 years ago,,"Hello Funke Bada, We value your feedback, Thank you for leaving us 4 stars Rating",0,False
ChdDSUhNMG9nS0VJQ0FnSUQ5Z3JtLXhRRRAB,theinsightpost. com,5.0,2 years ago,Nice and quick service with a wide selection of African foods.,"Hello Theinsightpost.com,  Our team enjoys doing what they do because of customers like you. We appreciate your patronage and 5-star rating. Thank you ",0,False
ChdDSUhNMG9nS0VJQ0FnSUQ5Mko2UHFnRRAB,Vicky Bright,4.0,2 years ago,,"Dear Vicky Bright, Thank you for the 4-star rating and for sharing your experience with us. We look forward to your next visit.",0,False
ChdDSUhNMG9nS0VJQ0FnSUQ5OEtMajBRRRAB,christiana Adaeze (Ladybrown),5.0,2 years ago,"Nice place, have everything you need as an African","Dear Christiana Adaeze, Our customers is our top priority. We are glad you had a lovely experience at our store and we look forward to your next visit. Thank you ",0,False
ChdDSUhNMG9nS0VJQ0FnSUM5cjQ3SXN3RRAB,Larry Campo Aldana,5.0,2 years ago,,Dear Larry Campo. Thank you so much for giving us 5 stars. You made our day!,0,False
ChZDSUhNMG9nS0VJQ0FnSUM5cDRMU2V3EAE,Tspecial A,5.0,2 years ago,Great,Dear Tspecial. Thank you so much for giving us 5 stars. You made our day.,0,False
